 ,Title,genres,original_language,overview,poster_path
852,Morbius,"Action,Science Fiction,Fantasy",en,"Dangerously ill with a rare blood disorder, and determined to save others suffering his same fate, Dr. Michael Morbius attempts a desperate gamble. What at first appears to be a radical success soon reveals itself to be a remedy potentially worse than the disease.",https://encrypted-tbn0.gstatic.com/images?q=tbn:ANd9GcT9p_lgfrNbyDGH1EuIXTeeW1cqFaj6Q_n_AaMG5bjzUZhQttPP04fdpnBGVGs1OZq6LxyTpQ
853,The Bubble,Comedy,en,Sneaking out. Hooking up. Melting down. The cast and crew of a blockbuster action franchise attempt to shoot a sequel while quarantining at a posh hotel.,https://encrypted-tbn1.gstatic.com/images?q=tbn:ANd9GcQy-hSD7CASbixmgWCcGsbFp9SX4c6U-zkqJ65D9DA_soHc7eerbV4a4x1dplXjOsrS975y
854,The Contractor,"Action,Adventure,Thriller",en,"After being involuntarily discharged from the U.S. Special Forces, James Harper decides to support his family by joining a private contracting organization alongside his best friend and under the command of a fellow veteran. Overseas on a covert mission, Harper must evade those trying to kill him while making his way back home.",https://encrypted-tbn0.gstatic.com/images?q=tbn:ANd9GcRxwiznoYIK76mhpo4SN-I4s2AeE4---aK6XkHnAcAtCDTbRSV_zzJDJmw1wlRVJksJCIsupg
855,Better Nate Than Ever,"Music,Family,Comedy",en,"13-year-old Nate Foster has big Broadway dreams but there’s only one problem — he can’t even land a part in the school play. When his parents leave town, Nate and his best friend Libby sneak off to the Big Apple for a once-in-a-lifetime opportunity to prove everyone wrong. A chance encounter with Nate’s long-lost Aunt Heidi turns his journey upside-down, and together they must learn that life’s greatest adventures are only as big as your dreams.",https://encrypted-tbn2.gstatic.com/images?q=tbn:ANd9GcR4xD6fGKzVrmUnNipUjVp-q_ek-6_hG6oRULiHZSki0V0HfEKdJtG1ZT9y2Sq2U_QI56RI
856,Sonic the Hedgehog 2,"Action,Adventure,Family,Comedy",en,"After settling in Green Hills, Sonic is eager to prove he has what it takes to be a true hero. His test comes when Dr. Robotnik returns, this time with a new partner, Knuckles, in search for an emerald that has the power to destroy civilizations. Sonic teams up with his own sidekick, Tails, and together they embark on a globe-trotting journey to find the emerald before it falls into the wrong hands.",https://encrypted-tbn3.gstatic.com/images?q=tbn:ANd9GcQcldaagYDytMYDC4O32tJrpWpWJERqLcqJ9YQBtilhUw4RJlU3qy5c8MrZPRtRdp_HY92u
892,Emergency,"Comedy,Drama,Thriller",en,"Ready for a night of legendary partying, three college students must weigh the pros and cons of calling the police when faced with an unexpected situation.",https://images.indianexpress.com/2022/08/kangana.jpg
901,Watcher,"Horror,Mystery,Thriller",en,"As a serial killer stalks the city, Julia — a young actress who just moved to town with her husband — notices a mysterious stranger watching her from across the street.",https://encrypted-tbn3.gstatic.com/images?q=tbn:ANd9GcRu0o7fbgDrLFqeS9-0MNLhjGLUAJLJHO2XN4pvJgJ4YPzVrDvD4_JE85DZQH7o1FSyOhpHVw
859,Metal Lords,"Comedy,Drama,Music",en,"For teenage misfits Hunter and Kevin, the path to glory is clear: Devote themselves to metal. Win Battle of the Bands. And be worshipped like gods.",https://encrypted-tbn2.gstatic.com/images?q=tbn:ANd9GcQq-HqFJsA0bXwyAb18GXhxY8MLPo23cfPt2JPpjAtMWz8fC0m76BwnRPXXYTkDdRe84qmhEQ
860,Father Stu,Drama,en,"The true-life story of boxer-turned-priest. When an injury ends his amateur boxing career, Stuart Long moves to Los Angeles to find money and fame. While scraping by as a supermarket clerk, he meets Carmen, a Sunday school teacher who seems immune to his bad-boy charm. Determined to win her over, the longtime agnostic starts going to church to impress her. However, a motorcycle accident leaves him wondering if he can use his second chance to help others, leading to the surprising realization that he's meant to be a Catholic priest.",https://encrypted-tbn1.gstatic.com/images?q=tbn:ANd9GcSNXy_snA2ZAOBMgqFzmBXpiOFe6iRrKDGyqsmAPHb5ASSBNahoCzbp7LxwCGwz-p1BDyCV3g
861,Fantastic Beasts: The Secrets of Dumbledore,"Fantasy,Adventure,Family",en,"Professor Albus Dumbledore knows the powerful, dark wizard Gellert Grindelwald is moving to seize control of the wizarding world. Unable to stop him alone, he entrusts magizoologist Newt Scamander to lead an intrepid team of wizards and witches. They soon encounter an array of old and new beasts as they clash with Grindelwald's growing legion of followers.",https://encrypted-tbn0.gstatic.com/images?q=tbn:ANd9GcSF4F54NXVsFFYvZP_H1XreKBCcwOWz1FoM6tOAhIobYCQQkN4IYMLQ7-tiIJvvVh0dbKOyMA
862,Dual,"Science Fiction,Comedy",en,"A terminally ill woman opts for a cloning procedure to ease her loss on her friends and family. When she makes a miraculous recovery, her attempts to have her clone decommissioned fail and lead to a court-mandated duel to the death.",https://encrypted-tbn1.gstatic.com/images?q=tbn:ANd9GcQgs0EVdLdRdjC-Q5b9AlyPIJAxFZzbV8G1wHLGxj6zOoPKQyQadFA_nDsq3C_Eeaox4FQxxg
912,Abandoned,"Horror,Mystery,Thriller",en,"After a young couple moves into a remote farmhouse with their infant son, the woman's struggles with postpartum psychosis begin to intensify... as the house reveals secrets of its own.",https://encrypted-tbn2.gstatic.com/images?q=tbn:ANd9GcTcoCNKslpaXsQ_bM3JAZG0E1O7RZm92E7v5yOZvUzubjcVHvHu
978,Barbarian,"Horror,Mystery,Thriller",en,"In town for a job interview, a young woman arrives at her Airbnb late at night only to find that it has been mistakenly double-booked and a strange man is already staying there. Against her better judgement, she decides to stay the night anyway.",https://i.pinimg.com/736x/3e/76/87/3e7687ec34b6137dc66be455eaa4be61.jpg
865,The Bad Guys,"Animation,Action,Adventure,Crime,Comedy,Family",en,"When the Bad Guys, a crew of criminal animals, are finally caught after years of heists and being the world’s most-wanted villains, Mr. Wolf brokers a deal to save them all from prison.",https://encrypted-tbn1.gstatic.com/images?q=tbn:ANd9GcT90tvNEAr75rp1efNG7ookvCLH7M1cZTi6NF0_daHHGcn7f80rSyuB_4_K_NRF7-8Aj9Pv
866,The Northman,"Action,Adventure,Fantasy",en,"Prince Amleth is on the verge of becoming a man when his father is brutally murdered by his uncle, who kidnaps the boy's mother. Two decades later, Amleth is now a Viking who's on a mission to save his mother, kill his uncle and avenge his father.",https://encrypted-tbn0.gstatic.com/images?q=tbn:ANd9GcTydfI7RdNsOn1qalX5NlHgnFHHdccksKDdVD8pjdfknpHCs5PZIHScjCPc-NUDSiRUVd1v
867,The Unbearable Weight of Massive Talent,"Action,Comedy,Crime",en,"Creatively unfulfilled and facing financial ruin, Nick Cage must accept a $1 million offer to attend the birthday of a dangerous superfan. Things take a wildly unexpected turn when Cage is recruited by a CIA operative and forced to live up to his own legend, channeling his most iconic and beloved on-screen characters in order to save himself and his loved ones.",https://encrypted-tbn0.gstatic.com/images?q=tbn:ANd9GcTyQFlVdgnO6paWTr0lRxsTtS2oUro4pKKxr4P0ixbXYysaI54wsvaFBhfwHx-spcgKjmuZKQ
868,Polar Bear,Documentary,en,A new mother’s memories of her own youth prepare her to navigate motherhood in the increasingly challenging world that polar bears face today.,https://encrypted-tbn1.gstatic.com/images?q=tbn:ANd9GcTjJm6aMBqSwcIlNDIOvAhFiUa68vCBEEkkCtwzSupGI7j8KdsAS279-U2Vyr8xKKAyvXuyDA
871,Crush,"Comedy,Romance",en,"When an aspiring young artist is forced to join her high school track team, she uses it as an opportunity to pursue the girl she's been harboring a long-time crush on. But she soon finds herself falling for an unexpected teammate and discovers what real love feels like.",https://encrypted-tbn1.gstatic.com/images?q=tbn:ANd9GcQS0GAQP4s3zV8wXzRX1UHKJIMRNBSpCXHCFdKCverhKkcdw7rwl33q5jh9wHO6aOLPclZ8
876,Along for the Ride,"Romance,Drama",en,"The summer before college, Auden meets the mysterious Eli, a fellow insomniac. While the seaside town of Colby sleeps, the two embark on nightly quests to help Auden experience the fun, carefree teen life she never knew she wanted.",https://encrypted-tbn3.gstatic.com/images?q=tbn:ANd9GcQuJlOUl8djD79qiOW4GK83jwMmKxz7xVV0kA1jJ8kFMBfScLUqwOUOtexpuU2dqBlPUJPX
877,Marmaduke,"Animation,Family,Comedy,Adventure",en,"Great Dane Marmaduke epitomizes the overgrown lapdog, with an irascible streak and a penchant for mischief that is tempered with a deep sense of love and responsibility for his human family, the Winslows. The new animation is set in the world of elite dog shows, rife divas, rivalries and slapstick comedy.",https://encrypted-tbn3.gstatic.com/images?q=tbn:ANd9GcQiqi1XF-a1i0PzDhoFcSsZEXlCz-Yznp7HUI9-oBNXaqAP3j8yq31Hp1kExxH0Vh7bNaJjrw
1001,Smile,"Horror,Mystery,Thriller",en,"After witnessing a bizarre, traumatic incident involving a patient, Dr. Rose Cotter starts experiencing frightening occurrences that she can't explain. As an overwhelming terror begins taking over her life, Rose must confront her troubling past in order to survive and escape her horrifying new reality.",https://i.pinimg.com/736x/85/b0/8f/85b08ffd6e02093a28eedac6ca4f59d8.jpg
879,Operation Mincemeat,"War,History,Drama",en,"In 1943, two British intelligence officers concoct Operation Mincemeat, wherein their plan to drop a corpse with false papers off the coast of Spain would fool Nazi spies into believing the Allied forces were planning to attack by way of Greece rather than Sicily.",https://encrypted-tbn0.gstatic.com/images?q=tbn:ANd9GcTb_Jmtb4PhxCb7V3xBmih51UJx32BUtywpfTqaoaElrHNXxxDr3HVyAjr_cDUWZWiTqRSdKQ
880,Senior Year,Comedy,en,A thirty-seven-year-old woman wakes up from a twenty-year coma and returns to the high school where she was once a popular cheerleader to finish her senior year and become prom queen.,https://encrypted-tbn1.gstatic.com/images?q=tbn:ANd9GcRgyoPsviupi3XRzLliC9KJepYwgoOWYWVWcO3YW5zu_92M1A1Fn1eJaFqhDfK-2t6SG_0O
1024,Bitch Ass,"Horror,Mystery,Thriller",en,"A gang initiation goes wrong when a group of four recruits break into a house of horror, as they're all forced to play deadly games for their lives.",https://m.media-amazon.com/images/M/MV5BOWVjMGRkZDAtNjFlNy00ZWNjLTliZTAtYWUwMWI2YWM2OWZmXkEyXkFqcGc@._V1_.jpg
882,Sneakerella,"Music,Comedy,Family",en,"When El, an aspiring sneaker designer from Queens, meets Kira King, the fiercely independent daughter of legendary basketball star and sneaker tycoon Darius King, sparks fly as the two bond over their mutual affinity for sneakers. With a little nudge from his best friend and a sprinkle of Fairy Godfather magic, El finds the courage to use his talent to pursue his dream of becoming a ‘legit’ sneaker designer in the industry.",https://encrypted-tbn0.gstatic.com/images?q=tbn:ANd9GcS8OXceiy6M0N_x9IKxc3qypcOFSAE0446hk0T--I0Z3MUGWFPG5dmMbf26QKlqq0m3X0IX
883,On the Count of Three,"Comedy,Drama",en,"Val has reached a place where he feels the only way out is to end things. But he considers himself a bit of a failure—his effectiveness lacking—so he figures he could use some help. As luck would have it, Val’s best friend, Kevin, is recovering from a failed suicide attempt, so he seems like the perfect partner for executing this double suicide plan. But before they go, they have some unfinished business to attend to.",https://encrypted-tbn3.gstatic.com/images?q=tbn:ANd9GcS9Tjik9WX8I3J4E24IVOlDWyijuP6jJuMJSF82r8VEYBov8HMseBoAhsgu9Z4EQMvHB72p
902,Dashcam,"Horror,Thriller",en,"At the start of the pandemic, an indulgent and self-deluded livestreaming improv musician abandons L.A. for London, steals her ex-bandmate's car, and makes the fateful decision to give a ride to an elderly woman who is not what she seems.",https://encrypted-tbn1.gstatic.com/images?q=tbn:ANd9GcRfrKIanMeOcbv_5Z_Ul8b-NkAMgBc46reVBOu7xUqpZv1vJJsRt7_VpQiESZHUxoKoJwpyTQ
885,Family Camp,"Comedy,Family",en,"When workaholic Tommy's wife insists that he spend more time with his family, he agrees to sign up for Family Camp. What Tommy didn't count on was being forced to share a yurt at camp with the larger-than-life Sanders family.",https://encrypted-tbn0.gstatic.com/images?q=tbn:ANd9GcSjNvKEZltLCJavFoY2kwwL_naPcNNETP2Qcx1Rf6XUpUCvsJ8s-t1UJwzISr1E8jl7bM2U
886,Montana Story,Drama,en,Two estranged siblings return home to the sprawling ranch they once knew and loved in order to care for their ailing father.,https://encrypted-tbn2.gstatic.com/images?q=tbn:ANd9GcTHv4dpp0cs_0b3Mh-R96rofwyBUQks5lCixWJ9Txjow-eVTJOKXNdcmSY6Tptmw_XHyfD66Q
888,Downton Abbey: A New Era,"Drama,Romance",en,The Crawley family goes on a grand journey to the south of France to uncover the mystery of the dowager countess's newly inherited villa.,https://encrypted-tbn1.gstatic.com/images?q=tbn:ANd9GcQjAnYcDuWT3LEHMCDV3MUPo751UbIUTd-gJ3YVmjlUw__IfvOmACdRu9WCFuQjkob1sB7r
889,Chip 'n Dale: Rescue Rangers,"Animation,Family,Comedy,Adventure,Mystery",en,"Decades since their successful television series was canceled, Chip has succumbed to a life of suburban domesticity as an insurance salesman. Dale, meanwhile, has had CGI surgery and works the nostalgia convention circuit, desperate to relive his glory days. When a former cast mate mysteriously disappears, Chip and Dale must repair their broken friendship and take on their Rescue Rangers detective personas once again to save their friend’s life.",https://encrypted-tbn2.gstatic.com/images?q=tbn:ANd9GcQPSYjO922TrcFXgrbEYI2CkcBIxX4REl28vm_6qO3Z2c7DwUfwBJPyU6CyAdt4HbZFEywT-w
890,Good Mourning,Comedy,en,Movie star London Clash gets his world turned upside down when he must choose between pursuing his one true love and landing a life-changing starring role in a major motion picture.,https://encrypted-tbn3.gstatic.com/images?q=tbn:ANd9GcSTVAsirgyEJv97TZXrdl4OqDwCHlYzFcJ1YOs3_LHhva9dZZfjzbLCtKBlCYcA36LKx_RtnA
891,The Valet,"Comedy,Romance",en,"World famous movie star Olivia faces a PR disaster when a paparazzi snaps a photo of her with her married lover, Vincent. The hard-working valet Antonio accidentally appears in the same photo and is enlisted to pose as Olivia’s new boyfriend as a cover-up. This ruse with Olivia thrusts Antonio into the spotlight and unexpected chaos.",https://encrypted-tbn1.gstatic.com/images?q=tbn:ANd9GcRRb1M9etMCnzuAk_AfCmorg95LmUZ___3jNJ45RN6wFSqpFvFWUBcjqEz_7hMANDoAXp0C0w
911,Mid-Century,"Horror,Thriller",en,A husband and wife's weekend in a mid-century modern vacation rental turns deadly when the husband discovers the owner is a psychopath with a backyard of buried secrets and designs on his wife.,https://encrypted-tbn3.gstatic.com/images?q=tbn:ANd9GcSNuHcC59Z2FvYhpkO1O9tVlPtSfN1xIKI-hnTiX0oKEcOsUVDl
894,The Bob's Burgers Movie,"Animation,Adventure,Comedy",en,"When a ruptured water main creates an enormous sinkhole right in front of Bob's Burgers, it blocks the entrance indefinitely and ruins the Belchers’ plans for a successful summer. While Bob and Linda struggle to keep the business afloat, the kids try to solve a mystery that could save their family's restaurant. As the dangers mount, these underdogs help each other find hope and fight to get back behind the counter, where they belong.",https://encrypted-tbn2.gstatic.com/images?q=tbn:ANd9GcRzveG6ialbZ0dp0FLI45wh7RzXPQ1XW19c1Jrz9XPhogzW-8cCwNX1OJg0wFihNgW0QqVB
896,Hollywood Stargirl,"Comedy,Romance,Music",en,"When Stargirl's mother is hired as the costume designer on a movie, they relocate to L.A., where Stargirl quickly becomes involved with an eclectic assortment of characters.",https://encrypted-tbn3.gstatic.com/images?q=tbn:ANd9GcRNlsa4WA2XxhLSKNGjAYbh1lKZofjJoLR-KTwSfrKlfIAFV_Mal2ZVeD_F5qclznfSlBxh
897,Crimes of the Future,"Horror,Science Fiction",en,"With his partner Caprice, celebrity performance artist Saul Tenser publicly showcases the metamorphosis of his organs in avant-garde performances. Timlin, an investigator from the National Organ Registry, obsessively tracks their movements, which is when a mysterious group is revealed... Their mission -- to use Saul's notoriety to shed light on the next phase of human evolution.",https://encrypted-tbn3.gstatic.com/images?q=tbn:ANd9GcSA3saWb_h4JdlT0wcNXZjs5k38qwuIVgMXrWxNsWwiuEk3euEL7yFN5AnD3n9iIPLiW3yy
898,Benediction,"Drama,History,War",en,"Poet Siegfried Sassoon survived the horrors of fighting in the First World War and was decorated for his bravery, but became a vocal critic of the government's continuation of the war when he returned from service. Adored by members of the aristocracy as well as stars of London's literary and stage world, he embarked on affairs with several men as he attempted to come to terms with his homosexuality.",https://encrypted-tbn2.gstatic.com/images?q=tbn:ANd9GcRuCoZ_2r9vVZk6kKGwRWZaEikEbd1yBcaH3290qyL-1zOMMzBM45nzwzdeIXE6L3RYpI1B
900,Fire Island,"Comedy,Romance",en,A pair of best friends set out to have a legendary week-long summer vacation with the help of cheap rosé and a group of eclectic friends.,https://encrypted-tbn0.gstatic.com/images?q=tbn:ANd9GcS1k9RNBL8uOOB_vFEozCCf8Crnz4mpEzk_VXzaDyQ2EJGE0Cl7KexDPZbGyFDb9dRxk61dgw
1018,Halloween Ends,"Horror,Thriller",en,"Four years after the events of Halloween in 2018, Laurie has decided to liberate herself from fear and rage and embrace life. But when a young man is accused of killing a boy he was babysitting, it ignites a cascade of violence and terror that will force Laurie to finally confront the evil she can’t control, once and for all.","data:image/jpeg;base64,/9j/4AAQSkZJRgABAQAAAQABAAD/2wCEAAkGBxMSEhURExIVFRUWFxYVFxgXFRcVFRUXGBcXFhcWGBcYHSggGBslGxUXITEiJSkrLi4uGB8zODMtNygtLisBCgoKDg0OGxAQGy0lHSUtLS0tLS0tLS0tLS0tLS8tLS0tLSstLS0tLS0tLS0tLS0tLS0tLS0tLS0tLS0tLS0tLf/AABEIAREAuAMBIgACEQEDEQH/xAAcAAABBQEBAQAAAAAAAAAAAAAAAQIDBAUGBwj/xABBEAACAQIEAwUFBgQFAwUBAAABAhEAAwQSITEFQVEGEyJhcTKBkaGxByNCUsHwFGJy0RWisuHxU4KDJDNDY3MX/8QAGQEAAwEBAQAAAAAAAAAAAAAAAAECAwQF/8QAKREAAgIBBAEDBAIDAAAAAAAAAAECESEDEjFBUQQTIhRhobEygXHR8P/aAAwDAQACEQMRAD8A8NpUUkgDc6CkqSxcysGgGCDBmDHWCDQNcjblsqSp0IJB9RoadesssZgRIDDzBEg0XbpZix3JLH1Jk1Pj+INeguFkTEACAdQunIaxz1NLOCvjT/BFawrsMyqSNdf6VLH/ACgn3Uy1bLMFUSWIAHUnQVcwXFrlpcixE5jI39nf3LGnJm61Uw94oyuN1IYTtIMiaPlkGoY/IwKZjntUmJw7W2KtEjeGVo8pUkT5UwPrPnNTY7Fm65uMACd4LGT/ANxJp5sXxr7leni0SpaNAQCfNpj/AEn4U2p7OIyoyZVIaDrMgqGAIgj8x3kUO+hKuxmHsM5yrEwTqQogCSSSQBoKjZYMdOhBHxG9WMDi2tOHWJAI5jcEHVSCNDyNQMZMxHkNh5a0ZseNv3JMVhmtsUaMw3AZWjlBykwdNqhq1xDGG85uMACd4LH/AFEx6bVWoV1kJVb28EuHwrPOUCF1JLKqjkJZiBTLVsswVRJYgAdSTAqXDYrIGXKrK0SrTEjY6EEESefM1HYulGVxupDD1BkUs5D44/IXbLLEiJAYeYOxp9zCOEW4R4W2MjqRtMjVTv0NGLxJuEEgCAFAEwABAAkk/E0+5jma0tkxlX2d5GrMSNeefX0HSj5YHULf4I7OGZwzCIQS0sogbTBMnWBp1HWmWrRYwBJhj7lBYn4A061eKhgPxrlPpmV9PeoosXihJG5Vl16MpQ/JjTp5F8cfkTD2WdgiiWJgD/mmMsGOnQgj4jen2bmVg0AwZgyPmpB+BpcTeLuzmJYljG0kyaM2GK+5FRS0lBItFFFMApKWimAlLRRQAUUVJbXnSALdonYVoJwS60ZchnTS4og9CCQfhVe20Vbt4wjafiQR6GpbfRSSM2/ZZWKsCCDBB3FRkV1Fu2MUiozfezlR20y9Fc/jUk+o3HMHnsRZKMyMIZSVYdCDBHxFNOxNFeilIoqhBFEU+3bJ0AJ9BNXrPBb7mFsufRSR8aQGdFIRVrE4VrZKupVhuCCCPUEVAwpgMooooASilpKAFooopAFFFFMANFFFABRRS0AAqVBUYqfDr5TzikBq8G4eHMtqOm1dHe4PaWyCJJBnbTXzG3vrncKzZZTcTpv5+/QVbTtEVlVtEZtG8Zg6iTljTbrWElJvBonSG4fRpiAniEEiSniA+hrO7TA/xV8mZLljO8tDR7pitXFY0rc7q4mVNLbNvkUkZmECJGvzrJ4+04i6f5oHmAAAfeAD760h5JkzLNS4WxnaPjTIrZ4dYgAczJPSPOqbpCSNrC2hZtEp4NtR7RJ1Mtv7Pw1p2L4neKrZa4zIVRjLEnMfFoZ0AmIqmma+wRfZnKvnr4nPz+NP4op78qnihgm/TQ/Oa52s5Nom3j8AMRh7YABHsZifFbLewR/KWhSPMGvPLlsqSrCCCQQdwRoRXoPZ3iOTvrDgEEws/hUmHbMAZy+0NJ67aZP2k8PFrF5gNLiJcP8AU0z/AKarSk09rDVS5RxzCm096ZXQYBSUtJQAtFFFIAooopgFFFFABS0UUAOFT4e5lMj9/sVAtS24nUSP30oA18DdAUFSZ58ypB0MdPrm8jWldLOpuLbXQZjMDOeZHlz84Nc+l4qwZYBHTb0jpV63ft3AcxCEdQWJ8txpWUolJl7hd5sTiFR00uXFzZdhOhIEeHwz7wOVYPECTduExPePMbe0dvKpcPiu7fOs5gRBB/mBJk7GBV3E8EuXAb1hDcQnUKCSrxLKFPiYCdxMDfqbSoTMrDJJ9K0Q0T/TH794qpbtskhlKneGBU/A064/96TGjTsY7u1AQw7ayPwjlFNspERWYz+LXeB7qsi8QJGorNxNIyOq7N2rb4h7jXGXIjuo/CWCmFJj5TrVn7ULQezYxC//AJN5aZlPvyR7qqdjMasuhXW4uVSYmW8O25GsHlvWp2+QWcALZM95cQqPxJALmesDKPVqyVrURc6cDy1hUVStUZrsOYSiiigAooooAKKKKACiiloAKUUlKKAHCrC2DEnT13+FLbAUTu3SNB5+tOYMx1pARmmxU7WhpT0tT6UAV7a61tW8WygAFtNgGICk66R1OtVu5KhWjfMfXKJ+tJm8PmSNfT/ljSYzfv8AG2u2e6vr3o5Fp7xDzKvqZiNwR5HWcHiGECqty2+ZGOUyIdGiQrxoZGoI3g6Cpy3sqYESdDPkTp+9K1sFw3vUe2pUlgvMSwZvCfXNAE/jKjTOTU8DORRZMdf+at4fEsnhWBO8gH61XtAh45jMvvgj60nea5hVNWJOjrezvGUTFW2uqCF0LKANFgeyBBA8uh3qn277QNicQyAZbdpmVBzOsEt56ARt4R61k8PPizeRHxmpu09sC8GH47Vpz6lAp9ZKz76iMUpWXJtox2qKpGNR1qZiUUtJQAUUUUAFLSUtABRRRQAoqSyNajFWcNbmTMRt57afP5UgBjJq4kQT1JNVIqVm0j0n9aACZNaWBwZZZV0LclLBeg/FArMJ6fv3VZwxAIkga8zy5g60gNDH4ZkBzbi2HA39qDow9ZqgGmF/L9Z1PwFS8UxgJyrEBdI211I8+VV8M/hY+fuOm3r/AL0AWuH+JwIknSNOh010Gn0NWcJdNskiVPiDakMUMSnL19VB5Cq/A0DNrE6RPOSPjpNOx5i4w5z8SNP0qeyuir2hj+JuEfiOYxoMxHjgcgWzEeRFUlEgnzqfidzMyt/IqnWZK+H/AE5ahteyfWr6ETYBvFHWuj7R8O73B28WrD7rLaZecaJv6qD/AN7dK5RDBBrseFt3mHxdg6h7a3F/rDKBHXxZfgKiWGmWspo4ZqZTppDWhmJSUtFABSUtFACUtJS0AKKKBRQAtXLQ2H7Ohn9aq2xrU87eUUgBqkblSPuPdQRr7v8AegBr00pUq1Jhl1gjrSArusU62+hHpVriCAMY25fCqIpgX+FXMtxYMa8o/UxU2MYFiR51Dwn25mIB16edSXhrU9lFS+JE9P8Aj+1RWDqR1qy4+7ccxlPuzAEfMfCqSNBBqhdj3FdB2XvAuAddHUjeQVOUR/UBr6VhXhrU/B8Y1m6rqJIO28+VS8opYZmUlXeK4dLd1ktklNCpYQcrKGE6DUTG3KqdUQNopTSUwCiiigAooooAUUtJThQBLaGlPj6Ui0tSMluJ1HIn5TTZ1mpo8IPkw+RqEUAPX51Ys3FWNCdeZjT3fveqpppJoAtYpw2vPnVJ1g08r0NMc00Iu8M/FvVgrMVDgNFJHOrdkTUspIq3l8Lny/Wf0rNrYuHR/JG+Yyj5kVkU4iZOBKg9NKg2NS4dvw9frTLw1o7G8qzQ4xaL27eIkmZssSIMoBknzK8x+WTqdcYitzh/3mHv2YkgC+uuxtBi0/8Aja57wPdjEUR8BLyRmkpxpKokSiiikAUUUtAAKktDX50wVJaoAkWngULSGkMnPsL6E/OP0NQLTcxNPCGgCTu2BiPmP71LIiADNQiep+NW7ajTUz+/OgCB7TASUYTrqPOP0qo9bWLsgAeMmAI00EievrWTcWSNd6EwLmEHhA99XLbRpUVunHeobNEsEOKcBLnUlQPjmJ/yfOss1b4g2oHv/fwqpVx4M5ciq0Gaku661FUgOlNjXgtcGxQtXVYglZhwPxIfC6+9SR76q4zDG27WyZKkrPWNj6EQffTRV7iK57du9zjun/qQDIT6oQP/ABml2HRlkUw1IRTCKYhtFLFFAhKUCn5aULQA0CrNpNBPPX9P0qICra2mYFlEhSiHUe0VaBHOcjn3UmUiBzSFqkxFplMMIP76VCaEJiipFeo0qRaGCFFTWFLGoC1S2LpWPWaQyzjVygD5zNU7W9TY29mjSOfxqCzTDsvTUuHurqGE6HnVFm86emIgHrsNKhouyDFtLGoKVjrSVojJi0A0lS4e4VYMNx++dAFjh+HD3VRjoY19Yj4yK7t+AWruHuWEVVZipQnSHWcpY9CGIP8AVPKuGxNyL2dFyhsrKsbAgELA5AiB1AHWu14f2gs5R3jEMpgrvtIkRvpG3SuXX32nE7fT7HFxkef4zCvadrdxSrqYZTuD+vrzquRXUdtsZavPbuWyS0FGaIDKsZD6iSPSByrma6IS3RTOWcdsmhkUVJFJVECxS0UUDCt3DMqdxaOv/wA9yJ3cDKpHOLaq0/8A2NWEa1xfMG4U/wDcZcpGiqBbe2EHkuYAcvB5aTLgvT/lZDfvC67Ow3JPpJkms41PdPLkI2qbB4UOjE7gjX3ULApZZUTelFSXLYXz0qOmSLT+VRE1INqBoa5qxawrgBojWImD8KXh+HzvvAXxE9Iq/gcUqnxgHUsJ312ifKolLwaQgnlkbYW6mYusqNz4XjbznmKo3onT6R8q3rmIUqDMGTmPRjttMjb4Vg8SuS/LQAaCBSg22VqRUVgqUtKiyY66UhrY5wpZptLNIC5fGayh/IzIesN4190h/jQuPIULlTT8UQx9TzPnvTsCZS6k7pmHSUIb6A1Uqa6LvtEmKxBfLOmVYH1J99QRTqIprAnnkSiiKKYBFEVL3dCWyxCgEkkAAbkkwAPMmlZW0dg8NnJk5UUZnb8qggGOrEkADmSKlv8AES65MsKNEH5FEQJ5mANedGOcKBYQhgpl2XUXLmo0PNVBKr1lj+KBXiBHPn/b0H19BQ15JV3gjrV4FazC6OihvqP7VmgVr9nvbI6wP9R+gqZPBcVky8TvUe9OufoPpTKpGbFRZMU+jDe0PeKG50D6J7F3NFqQiQxaN2yqWOp5nLAG0kaU9oZ41YAeI7GTz16VTRoM0xGPLnSoal5LNu+VEg+YHKq91ixJO5pzrEfvmajY600hNsfZ0M9AT+g+ZFMIqS17LH0H6n6D40RReQrBFRS0lUSXOFn71R+aVPSGEH61BlNGGMMp21Hlzq5jUi44/mb6mobyawVop5aAKlikK0D2kRFFPy0UE7SfapM/dJm2uXB4eqWzIL/1MJA6LJ5qacQoBZtQNxtm6LI2n6TVeGuMbj6kmfXpA5ADQDoBUp9ms029qIbSRr8PLzp2SrIWhko3DWlRVIrV7Oj7z3E/BT/es/LWv2ct+NvJX9/gb+1KTwJRyYZadaialXakatDnY/DnxL6inXvab1P1qANGvSrGI9pvUn50nyNcEZFFqJ12py0xqALF3WPX66j6GqZNWQ2h8oPw0/WqlNBImGw+NKKlAED0phXpU2abaExA1B6gfHY/MT76iqd9tdp36Tz/AH5VBVIzkqY4eeorTxaHNMzIUyRBMqDJHI61litw+K3bY81j3qxH0iom6NtBW2ikEo7urKpQVqNx0+2VmQUVL3UmijcLY2OuWwQJ1jXymmoZqQkHnXS8O7Hu/DbvExeQJbLKbZUkmGVZzTA9rpUptmjUYuzlstS2sOznKqknUwNToCT8ga6TD9jXbhjcU75citl7vKcx+9Fr2pjcztWr2a+zLEYzCjFpeS3mz93bZTmcKSAc06AkGNNoPOnTIcorL/weeXVq/wAAuRd8slw/C09dH2a7AXcaL5F5Lfc27dwypfMLguHLoQVYG0QQedZvYLgDY7FCwji2TautLAsPYyxAI/OD7qfMcESpN/Y5AbUhNamI4HdGNfAWx3t1b74dYEZ2Vyk6+yNJ12Fd1d+ye1buW8NiOL4e1ibkZbPdlpZtAAxdTqdBIE8hWxxnl1XcTup6op+OtdzZ+yLE58Xae9bW7hra3VXKWW+ji4UZGkQC1plMjQipMT9l9/8AhMHixeT7/wDhLeTIZT+IZVViZ1g3FkRQwi1R52DSGvUj9jTZr4biFlVw4VrjG0wVQVNwyc+kLB99YPFOxGGtpmtcXwl9y9tBbt6u3eXFSR4zsGzHyBpBZxYP6/SmpaJ1gxMTyneJ9K9O4r9lNrCuLeI4xhLLkBwtxcjFSSA0F9pUj3GoOz/2a3MX/F2sNjrN1LDW4ZVJt3ma0WGVgTkjMyE68+lAYZw9q2Mo9B9KUrXYcP7CXrmExmKdxZODa4ty0yHOTbtrcIkGBOaOfWs7sZ2abiOJ/hluLbORnzMpYeGNIBHWssnZca/wc5HIjQ7/AL61Wu2ipivSsV9n+FtuyPxrBK6EqynRlZTBUjPoQRFZ2J+zLEnhy8TtOt0MveNaCkXETWSDPiiNRppPStI2c+pTVo4Va2MDdBthJEqWMc4OX4jSuiu/ZrcWzw+9/EpGPeyijuz913yZwSc3ijblW/a+yPu7pw44nhWxGWRZPguERm9nMWiNZg0TVoNCajNWcC9RxXbcD+zrEX7uJS864dcLpdYqbpnLnGRVIzDJDTI0YaHlQ7Q9mrNi0t+xxHD4pWMFFi3eXcZu6LEkSNdo05bYU0jv3RcqTOdURrRTS/Kios32mXYucjI0Px5V692H7b2cFwa4iXkGLDu1u2wJmWXlttPOvIsxtsyc9VOgPPXfbbelsNrW11lHBSlSZ7bje2lvH8HexicRbTFXXtqQFYBEGJtnPGugQFt+Va93t5wyzewtqz3r27ChFe2YsorDuiLisQXyqoOgO+mteJ4c9TTrOKVdKy92XSOr6TT7eD2HgvGeG4fGcScYtFtYtbLqcrwHPfi6Ij8zBv8AvFYvY+1wzhuMt4heJreXJcRptMgQEAgzr+WuBF1TzqvxG2AjEflP0ojrW0mhz9GlFtS6/SO0xVzheExr8Ys8SGIuDENf/hltkFheuEXFVid1S4xExOXlNXePYHhGO4gvFf8AF7dtC1p7lplIuE2gohcxBWQqj2TGp1mvGgKRhXVZ5NHuWF+1PCXeNG4bmTB/wrYfvHUgO4fvQ5EZgN1APXzrYwX2j4A42/ZuX0XCpbwhw7ENkZrbM7EaToxQa/8ATr584XgRecpmy+EttO3L51r4ngA8P3h0yr7IgCSOvrUymk6NIaMpK0eu9k/tAwhucUuXcXbstfxDdwzqzgotsWrVwoIzCEU5ZHSazO13aOzdsKDxfCX8l/D3O7t4JrLtlupJzm60AKWY6fhrzG9wBQAe8Yyyr7I5sF6+pqW72ayhouEwDErv01B60vdiV9NPwe58a7d4S44axxjCWkCgFbmEe+xaSSwfvEgQQIjkdda5vs32swuHbi04+29y9lezdS21oXHNg6oktlyucup3FeW4fs7I8TweYAkcjuY5GlbgeVlyvOjE5hAAEdJ18Qo9yIL08+0ev/8A9Bw2L4VikvFbWLuWbltlCmLz93lV1IEaiBB1ERsATx32V8Ts4THi9fcW7fdXFzGYk5YGg8q5VvASpiR0260n8QIrF6jtM7o6EFFq+T2jinaqxd71RxnCKj5wFOBdmVWkAZ+9EkA7wPSsJvtItYHheAXD3kfEWXQXrGoLWst0OrGNNSpBGxAOo0Plq6may+Kjxk9Y+grSE7kc2toqGna8nuXajtzw2/8A4U1i8iraxdm69sqVNi2EaQwAgZZA0kdNKbxDFcHu8WXizcVXwBCLKWnJLIsDxiSRPILrtXgmWN9OfrUmDuZXU+davg5IrKPduH9rsPiMZi8SuPu4B7hRbWZEexcRECqbqsp8WbMd1OVgAdDTftG47hbuCSy12zisbmVu+tWjbVVmZkk7p4YB1JmBFeVC+u0bxrzET+/dSmORrlepKqPWj6eCkpJ8DWpaflygOdASQPUQdveKSoN20c21wkyTJ862ez2FS5mL8tAJjXTXTWsQGlJrrlG1R40J7XbO1s4K1rI0nTxNPIRv1JFVRw5Gg94dY18O5ny8qwOD2811dDA8RgTt5DcTFdTZZRnlSc0kfdtyUL06/WsJQ2vk7Yau9ZRUwmAWA3eHxAc10kAnfaDVj+DQ+05YHSCQNx5R1FS/xKgKpDSdjkcSeew00DGm2AFXKVbMzOfYbmzHeOkVLvk1i1wRf4VYkCN/521/zevwFMt8MsEwU6T42Ef5tdjVixfXz1IYeFz4SqgGY1ExSWXAtqpU5lCA/dneBPLpTuXlme2HhFbB4S2puFFyssAQ7SQUVvzda0L6KdJMZgPbbUEBvza6xrUWJdSjKqnror6eIk8vI1KWBYEK2gI9gjpHLmFmk2yopLCojsEFnk+y8AZ2M+FWnfq30pljXNJaMitJdhqTcH5tdAP2afbxdtrhAklZkZG5xE+H1piXlEgq28DwN7Rgxt6fGnkWPJLbA8UsfbAjOdiQOvSkuhYY5vEubKc518M9ffTzfSIytrP4GO8ACY6j5VFauiEGVpAXN4G5AjeOoHwqclWhbuDtkgxJJ1OY+8b+XyqM4O14zlHh28TfkB/NtJ3qWxeUm40MfEfwNplADDbrTzdVc7MCB7XsNEBQCdus/Clku484KbYS1mdQPZFuPE34mYHnroBTb3DrDCSo/DHjbrB/F61PhnHdWwVYEBQTkY8hI21ouX0Ui4QQuSC2RtZYZeU671SuzOTTWa/7/RBd4Rh9IUe1HttosMSfa99R47hdgQUSPvFU+JjoXUHXN5nWtB7ojLlYnK34GGumg021ptpgFK5Wkm5HgbYsSNY/mFPdIhwg8UiBMBZOuXnpLtoDqPxa6wPfVHjSLbKhNAQeZM7dSY3rG4oPvrmkS7HXoTI+RqAPFaLT7syfqOVRfxGNZ4zEmAB7gAB8gB7qWqBeaKtQSM3qtkNWsJw+7dBNu2zgaEgSAaq1ZwuOuW9Edlnoat3WDnjtv5cFqxwvFKcy2rqmNwpGhj/b5Vppx2RpYYxI0OYHUHePL51kf41iP+s/x9f7mq1rEuplWI1nfSfSo2t/yNVqKH8L/ujpcVxNgVY4a4N3GvIqVB0HQmmLx6fELDwm8HQbiCcum9YLcQukRnbYDc6AbAdKbZxtxAQrkAkExzI2NL2lRX1Erw/0bicUKKpaxcGVFQk6DTLrqOZFNF29cbv0BFrMsrnOuWFI0G5isc8Su7d43xqXDcVdE7sAZZnWd9+RFPZ4F714bdG7c4kbaljabpq5P1HnVnBY43EUqigQdC+uhKyfCa5fEcSZ1KkCD5sfq1NwHEHsyUjWJkTt/wA1L08fcpeoafODsbZf2cqeEj8Z3gH8kCq+OS46PlCqZDAh20ICn8nPL86wl7RXh+Tedj0C9fKkPaC7tCddj/ep9uRq/UQaq2aljiFzIv8A6e4R4Sp3nY8xqPPz9KQ8YM64d9hp0gk66abiubXEONA7Af1H0pDfc/ib4n1+tX7aMPqJdP8AR0ycUdg5GGusGLAkAkTrp7PrTrnGmGhsMs54LEKN9dxyrmreNuLotxxz0YjU77Gl/jrkhi7EiYzHNE7+1PQUe0h/UOuf0dS/EXCj7mAMrT3i7Ag/RadaxrXgQEA0GpcawFbkvMMK5v8Axe9+f5L/AGpcLxe5bmI1ncdQo5eSik9LwWvUK8t1/R1rs+ZfAun855nSfB5Gq2Nx5t5XNsHUqAGJMtHIp/KfjWMO0T6SonfTST129fjVbG8Xa4oXLlhswIOoOu3xJqVpO8ouXqI06ZdxPCnvFrpDIxKqEKEmAqjMToAPST5VjYnDPbMOpU+YieWlWMPxJlRkgkNGYyZMagT0mqty6W3JIG0mYmtYpo5dSUHlckdFFFWZBRRRQAUUUUAFFFFABRRRQAUUUUAFFFFABRRRQAUUUUAFFFFABRRRQAUUUUAFFFFAH//Z"
1027,V/H/S/99,"Horror,Thriller",en,A teenager’s home video leads to a series of horrifying revelations.,"data:image/jpeg;base64,/9j/4AAQSkZJRgABAQAAAQABAAD/2wCEAAkGBxITEhUSExMWFhUVFxkXFxcWFxYXFxYYGBYWFxUYFhcYHSggGBslHRcYITEiJSkrLi4uFx8zODMsNygtLisBCgoKDg0OGxAQGjIlICUtLS0tLS8tLS0tLS0tKy0tLystLS0tLS0tLS0tLS0tLS0tLS0tLS0tLS0tLS0tLS0tLf/AABEIARMAtwMBIgACEQEDEQH/xAAcAAABBQEBAQAAAAAAAAAAAAAEAAIDBQYBBwj/xAA9EAABAwIEAwcCBAQFBAMAAAABAAIRAyEEEjFBBVFhBhMicYGRoTKxI8HR8BRCUuEzYnKi8RUWkrIHQ4L/xAAaAQADAQEBAQAAAAAAAAAAAAACAwQFAQAG/8QAMREAAgICAgEDAQYFBQEAAAAAAQIAAxEhBDESIkFRExQyYXGB0QVSkbHwI0KhwfEV/9oADAMBAAIRAxEAPwDzFNKcUwq5xqAImOhw6EK/fTEg81nHK8pV5ptiJiPLYrvEbtTPPLfC1z9IRtWrLQIEjUz7SguDAOkEX2M7zc9UVWpXjktFRmLjKVIwXG+w9VTY91767dFpQIbHRT0Oy3fUxUD2taSWudBJa/OxrGETcuzgiNgUNq4Xc6DMI8FDmldegf8AYL80Gs0E94GtADy8sqBgiHRJmYmRpEqt4X2VqV6bn5srg57GMyyXPY3O4OMgMtzk62sVHhDvMPMzPdbo/B8MqVGPqNEhkE+609HsA9znN78TTJbVmk9oa7uzUHdlxAqtgESIQHE+z7sPh31mVc4Dsj2tbGVucsa55z2kjYEX1XWdPaEne5myLozCu6D9VeUey7DTFYYmWGl3xihULww1O7EMBlxzgg8gJXcN2VqmtXoh7M1A05P0hwqOaAZcRlIBmDfbVTm0DqatQTqCYR50Vo0jU8uVlcP7GPYAO9BMPIhp0Zn/AM03yct0FU4VUYym90xUaXRB8MOLYPWyyOVa57M2+NZQRo7jGuAAg+doAXH02wUTRojKARp+7qOtLQRE7jyU1PKIOI1lDSgxjP7KoxTIF1a8Qdflb5VXipgLWotJO5HyagF1K551CgptlFRdOpsV4r8iJ8zdpoqFJJTtCSsWsASbylaUwo6tVadG/v0Q5p/5VK6QgYOArfg4kARuUHkbGhV5wOiGtDi07n9EXGoIs3OO4xD+HYfL1PTQequ8Fwx7zZsybFR4JzWNBLBmiQPzKJq8ddYZIA5WjyhX4I6gdwXiGB7v6iAeWse1lVnGvaC0FwEg2JHiH0m245orG8QDzJFuY5+Srq1RvX3Thnx3AzuPZxCqPpq1GkzOV7xOYy6YO5uUMKtRmYMqPaHiHBr3NDhycAbjzUDqonV3uFGCJ+oz5KdrB1iOCyZ2OxAy/jVhkEM/Ff4QbENh3hHkh6uJxFQZH1arml2bK6o9zcx3ykxPVMxBI0d5Kw4Jh31XZGyXRp6hQcu1QJocGgs+T1I6BrMc0tqVGloytLXuaWiZLWkGwm8aI3DBwJOZ8uu7xGXEGQXc4N7q5x3CKlIw4LuFphub8MudFr2kdFhtYbOp9LWtaDIAkuHx1WBNSoB/rdY7nX9yjO/qlsOe54mSC5xHMGCdVnWY/wAcFoB3vpHnorqnjmNESDmsOY8uXms65HGoxlXsASVwt+SrcXU52srN1RpGouN/KdQq7iGFIGax0mCNEirvcYmM7lFXdOqBxrwTaLAC3QI3EOGbl+Sr6whblHYiuTsQPLdSNansanlq3KhufI8n7xjDZJTMZKS0ANSEwqlxOgCT/DCdLEx6DZG0qmGcJfSytEbuAPIAbqlp8UymWsYOXgafkpmJ4xUeZcQeUhsDyEWU/wBNB3OZaarLw50S0ibgC1vIaBGDF4Zo/DYHBukGS3mY5rz/APiXGSSZT8NiXNMgkFe8lHU7gzbtx7Xg/hhrZu5zjP8AfyCeOJYdoIZTL+ZdMcvbzKz1F7qpvJ5rQ8M4CXAZiejR93ISyLsmGqs0ixPEg4AdzTjSIb90NVfQI8VODzBJHstI3skSN/JCV+zrqfUcoXByaugYRpf4maxLGCCKTYOjhMHn69CoCySJaGjoFdU2BjstQHu3mCf6Ts8dW69YIVdxPCVGvcw6sMGNOYI6Gx9Ul7snAjK09QzK9xudI6q27I8a/hqwdlaQbG3ig7gqlbhqj3RoN1o+E8CyPHeDMI6xpbzWdyMeJDnufQUhWXCrgTfVeJUcQDlDSBNyAqjiGIpUWFwbJiAALuJ5fvZVGBoubUdLoEm20zt8JtNxNXOROT/DabgPP87gdco0HNSU1lm8B1O2ItK5Bla3AujPiHmkHXFNgmq8HRxBMMB5u15KVoH/ANeDBB0NVz3kxrplatbw7gZnM/xPNy51yDvrqeqtDwdm4lX4TrEzm5Np/wB081xNYD/FwYaP6qVR7CPKczSoHYd+U1MLVdUDRLqbhFVg3JZcPaN3N9QF6JjOANcNB7LM8R4G5jg+lLajLtLbGR+f3XDUh9pxedavvMvTx1OrZ7crv6m2nzGhTMVhoggyFdcQ7PirlxDG92XGKjWiGtqalzRs11zGxkIx3AJpNhxzXzW2kQQd1xKlDa6lv/0Fdd9zIgJtQrRN7NvPNQYnszU2urlcAzGuYMcyjZVSVgeDvBiD7JK5bNSUiZ1NcnJrkpup6PYPDKdQ10XaQsAmCWugjRS3NjENRNh2aoCCd7Aepv8AAXpnAMGAAvMuzlcACTYkfH/K9H4BjRESprclNSmrE1DaAhA4/DNcCFN/FW1VfVxAEuUaoTuOUEdzC9oKIbnB5Zva/wBpVPxPGNNOjU/mqUsp6mk91OfOA1WfavGB7qjhYBsW30EfdUdbD5mYWlv3ec9O9queP9pafVVs/gvkYXHq+rb4iWOALARI1j1Kv8VjWtgRoI/sqrD4WakNE5bwL3iyGdhaoc7OCD4iAfKY6TNlmWc4M2/afQLw0Gsy4bxWmWRkGafvF59EfgHsNQgN6rI4FtyDtN+m/wCq0fCGOY+TMTrsbA6p9HIBJEl5nDCrqbbD07KY00zB1gjXPC8LDMVgQcSvc1B4qgzUgInHYkNWM7W8XMENO2x3Jn8k9LGYjU6tBaaBrGeIWgifa8/dQfxlFo8UBYbh+Oql78zhFOi4GCdXMLWgzvLwn1sU4DLm+VQoy2J2vjFlJm3pYqg+zXtMdQuVBS3cPcLybF4/KSQSDO0qA8WJG/qURGDJWXBxPW8mHP8AM33C4vHH41zjqB5kx8JIxmL1AiU0lJybCe7GABDsEMzmiQ0SASdADaSo8c0NqOAIcASJEwYOvkm4R2nmja2FBl3wlshddQwZ3AYuIErZ8I4zlFzCwgwj5tflcfKssNQrtG0cpBn0SAGGiIYM9Dq8csIPyq7Gcec4ZQZPwOpKzIFWRNOJ89h52Uww1vxHgDXI380YX8IWSZ0/jVBSkubOZ2UXd/UGn4BO5lWP+G59WpBqvNmNu2k36WtnchoaOgCbTrsDSKIiIJixPmdYQ7ani8XmSdG8ygtpDqZbw7RU4MNwHEH0mvyxndqSLAbx8BS8O473ju6fBkFoMCc0CL/HqsxjcZAtq7ToNjCraBfTIeOc/a6w/sYYEnv2n0VnIQEALn5PxNJTc4POWZnlO2h6forGnVqMIdeNct/D6HyUmB4d/EB1ZhgloJaJnPyWp4Tw2o6mJbJbs7yU45HgwwJ3k2p47kPD+MgtF9Pjof1Rz+NQFWcU4MNQ0sdG2hVBVFRpyz/uIV1XMofvUzvsgt2kuOKcYJBvZZHiGODjJ0Fx/mdt6KTE0qzphreji4mIM29uW6q8Rwysbkt/8vtZXryacYBgfY7BnAj6OKj8MXL3Zqh5wZA94/8AEKbFu+VBhcC5hnU/vdNxbjmuDoUyvDHyE8wNdfjKXGv8XqfuowLIivSkz+yowE4LlphWZzIYSUhauqoJqIJkDgkApyxcZRTDUSYPlHUmQuVcY4Wkp4bCgcLgkT0KXbWwGoQaOGJNiUbSxkDX2VZiQ55k/wDA2AXWUip1D5xiH5SzfjZIuR+i73m8mNiq5tI7oinSVCqcdQfLMvuEV3NmHEAwNOs3QPFMY+SCbffoicC17Rf6ddOXVUvEKhqPhgJtJAn19lO9qg4lq1OF8sTtB15K9DwvBsI7Cd5mggE551MXBb+S8yaSBPJEs4oQwDqfsLrL53Ga7H02xNHickIMWNj3/OazgHGHUKoaKhDCRNpAE3ML2H/qtJozZgQRIi8+UeS+caOLzHW61vBsQ4tLNBfXqI9NFn8rjtWQ6maHhXztg4xPReNccbBIdAA0t+5WFfx5jnHPAA3MBT4yiG0zIkk6zN+SzdVgjRS0VK5Jbcup4y1J6JpaHFKb7MDSTYbc0RVw4A8TB6fHusbhpafDrsr/AAmKJb4intV9M5HULwJGY6q9u1rcrqqx0HzVhXxuUOAiHRPkDIHS6pMVXW5xbR44MyeXSSdQGud0KnVzJ6BNaFWD6p89aNxpcuqJwSVIeTESxyhItCilNdUWh5gROJLlTHtCEq1jzUNQlzd5lS28pR0Mw1rMOe4ASSoDixo0T8IHKSiuH0CT5KI8uxzhRiNFY95x+Kd5Dorbs5gDUqAXg3noLyq6tgXl2hvy5Bb3/wCPuAVJzFvhIn5Ch5VrhSSZp8GkB/IjQllhMLRYW98HBrhlsRBnqfQrzjiFbuqznUS4A2HOCIIML1/tXw7wUmjUnT00C804nwtxeRlgiwAtF7XKzOI6rYfIzYuRuRSGQ7lbwXD06hf3lQtIaYtMofH8IqMZ3liwuIBEdFo+H9n3UYqPykkkATOtotvMKq4rRfHhBDSXeH+mYBHkqvqBrMK2pM3Exxsuvq31KOhULXBwsQZst92Zw7qjQ5wPiJMnV20+6zXC+Cuc5pcMoNhMyY1gbea9H4DVHfNpgDLFrXUv8QuATxXZjf4ZTbUjOf6SMYSBDyYEyCdz9Kyz6a9E41w0kkgax+apK/Z5x0Cy+PeBnJmvRyUYZJmOyXUlXFZG9Vo6vZ6prCr8XwNzbkK5eRUTsxhYMMKRM83GEm6hrvVxjcKBsqeoxaVLodrM++pwMEwUtTXKZ6iKvVszC5dOszjWlJE0ISVyDUyT3I3KCsVO4oaoVy19TiiDuajMBQLpA5ShSrXgmMfScS0xmBaeoOoU1Qy+YyR1mOc6TrYctBAT8Hg3F8ja/mralh87wdjqtRwbss94a8ERJidwtDxqAyxxOBHzoSy7KcIa6nRe+CXAiDGofr1kLe0cExgAaAI5IDhHDRSaGCDBJmNJvZW+VfPclg7nHUuLEKBKbH4TvKosIaPYzty0UVXhVMuMsbczpe4g38lavddREiZWNZWQcgyhLmAAEoeI8HYSR3bSIgWgC2sC06KGn2fbDQ1oBDRflzg89fdaYtBXTVaFGXZSSTHjlWBcAzG0ezA71pyxBJ6fPurLC8By1Q+1hoNlau4lRFQMztznRsiecwju/ZOyTlrOz/5GWcu7G/iJ+GBUNVrG6kDzICmx2MYxpM6An25c15B2j4ma9Zz2yAYgHWBaekq8cdcweFxbOST7AT1d7afRZDtZjmtEDSZ9dFjP+6MTTy/iEhuodfNfQnX9ICN7QcRFWgKgtmDDGsSRuibi+JX4Jl/G4xqs9RziV2MxQcFSVXqdta0c0JUBWxxalGjD51zBcrI3lMhOLoCYxy0QAOpgXO7A5k7GpLjSuqys+mZpG4JVcoC5OqOUTnKG19zoEKo0xvdE4cw5M4bd3Pfn0HyQmcRqlteoDtUcPQGB8Ji3hcanvGbvgmHGVziJETpp5q+odoBSpFzS3wxAmRcxFlhsLxD8A5XQbb3uRKqm1DmlMchhL1AA1PoThGPFSiypbxNkxpO6JrYoALyXsh2lpUKVY1Hx4hlYLuIywSB9ypcZ28e9oFJuR2Yzmh4y7eRWNdWwYgdRtfG+ociaPtNx+7GUnSRUl1iPp0vv4vsrvC4oPYHg+EifbX2heS18a57i8nxEyY63VxS7UPZQZRbYtJl06gk2j1+yiuUkALNU8H0gCaTinFnvwoex7mHvCDBgxBIFukKp7OcTxL8QGPqOczK4wTOgsbqrZxdpw5pnXvA4eWUg+0D3UeAxpYSYiQW+h1UhpPiQRL6+OoqZQPnEsMxfxDO0y0mxv/RFvWU/jHGK2aGSwse4akhwFhm572TcFxNjarHGAAbnlYhQ4/Ehz3kQRmJEaRJulhNhiPbEaKh5gEdCLjRD395cZgDB1+kCOQVPUdF429kXXqbRIAQNZ6orU+8prwq4gOJo5p8lFjMeO5bSAvABvpl2jqrDwm0qrr0vEYWlRhsBvaZ3MBGSnvqC06kap76s+SjqU4XJsrSB2JmK748TIq1RMD5PJLFsIMKNoTR1qZfJZvIgwymUkykUlQjYEhIgLnpkpFcUBMKW3CokmdC0+k8txMWT+0HDg17qjHZmucCdbOeC6JIE3B8lW0bjWCDKuuDE1WnDu+moQ0GJh38hHqBpzK8/83xKUUMvj7yopVIEIrvSRqg6rSxzmHVpLSORaYKWZOUxA0ZPmIsiaVbmgc6notJIAMkrrYxuaHHc5wsPZiibKdzrIc4flvZFOw7oaQJBBvpcG8/CicrkETaQuBh5LhDzv5ImswiNZPum4PB1Wt8LS5x3GwvvujOG8OrQX1AGAf1WJjkNVFY6glsiUrYAApgtRwEc95Xe9MEzaI81zEOY51jLtrXcfJXGK4fDGz9WUGDYCwJ/L5SndVAyO44WbxmVbnO1GguevRBVHztbqjOI4iAAdQLnn6bBVbqlrp9KkjOJyxwNSRlSNAojWOa4TGG9tFLUbOomP3IVGAp3J8lxkQSuf3yUdFmYx6ompRgaklKjTDWyNT+4TfqALqIFBNnq/WQ41osq3LdWePOiCqMunUH07md/EK82HAjGuhJdACSfMhiAYESuFdhNhSmDHtVtwDG929pIkZgYIkS0yD6FU4ROHqEW5owAwwY6lvFwTNR2s40zFNbLWio1xl4F3CIDS4iSBr6rMNYiqzMzba2OylqcGrCMrM0tDrQSAdJHouV+FY8cyq6klvJV1AhRJEhG4JuUGRfY/vZRUaTwJi25U1OoJII9dt0TnI1H8ZFRgx0YfReG5XHzjrtP3RNLiL2uytNrgm0GRe5CFFUEAEeS5Xa90QPCdIsAoyisdzTLMBLdmKbbNLnGPpjYjdWeKxoe1rRbpM+pPOSshmyWi867q2w7RkDnuyzNhrCku4yjDR9TBjuaHB4QMAquLc0GIuW9SNyqzHY+S4SQJlxJJJ/QILE44wGtMNHz67oB9aZ33Sq+OSfJzG4AOY3H1CShZkJz6QJ+YXG0C1aa+KriSP5s+cajXNI/f7lEYZhETpy/vsgatU5ojyKkw2JPzF110YrApurFmIbXObQQhW5rfKNY7fZQVXgCd0hCesS6xQfXmQ4qJmJ+yAq1NY/cKSvW+UG5yvqTxG5hczkBmOI/NCS4TKSbMxkyZCEsq61cSomOAsfT7ruHpFxgCTExufLmuMqxI2Oymw9UiY0jTn0XfyjV8SRmTYZ5BEayB5Eea0lfE1XBzXuazL9Jc6DBOgAJkKlGKtMAkCxgTG4KcMW54zOdYfykTOg3Gnyk2J5nJE0Es8RjMn4q8ZQGQQNXSbne2ypu8IP7KlfiCZ5CzRo0IYuTq1CriTX3eZ8sywocRdawP5o/v6ZAMwf6NLxck7hUDKie6suNUrbjq+awGzmXdDD6Oc9oHmC47aaImkGwZdU8/CB6arNiqdJR1OmdZ9d0l6fkyzj8ryPpEPq4kZsrR4RudTyuoc8Hpuh25WXOuv8Awo6mKBFvlCKvjqUHkhR6juWL3D0KcDmhvMx6a/qq6nWkBoJPKNUbQaGm/wBR1OttIaNvPqhavEcvKDdSPF4M+gEk6IIAGA3b/n7KwxWJzhx15en7CqW2JM/s6p9PkV3M/lFVsBWGOxJgN0A+/M9U15nyQoN1IXojWAdTi8gsNmMxDbqI0ybqV5JTHlNGcSWwKSTGl3wkoyUl2Sl5wlIrhK7KVERjk5pSKauZwZ6G942xyid9SPaUq1aRFhyAED5QeZPFS0SiBEaLNYjnWEaphG6aXJwK5F5jUpT8hOgT6VKDJInaF7cJUJk2Hw0jM6w26/oNUXh8UacOtpYbRHXWyip1HPcJEjebgDdLFUfFc+gP5/2XO9GXp/prlJDXeXmdfyUFKi4325kwFJWqQMgjXQb9Sd1H/EQIFvLdez8SZiGbLmHYemGNJmXdJt/dTZvBexOvlt/whKNTrP2H6oulRkkmA0e5/T1QtruaFRyo8Br/ADcEe7KI8pTarLCFPiQJ2jkNPVQPemrvcVYvjkGNBXU0IilQJJCJmAG4NaFjgRptZRPRDMM6QCPVT92xptr1v7JRsA63KRx3cb1AsPhpu4W5c0kRVrdfVJc9bbnPGiv0ncqymkp5C4QvTFjU5dDVwhewRPRqUpFdAQbnok5sbpQmlFsT0JGKtCnbiGkCWzl5wQf0Vc0Kc1tLDREDnuPW1veSnFOuGeEHUNsI/NROqnQe8XUbnJpcvHAgmwn3jw2d7/vdJmHOpIA5nfoE1hRNFoJ/cLmM7hVp5GdokWgR9yjDU8IPwhDTANlG+oZiERUNiWpb9FSDHVqp3Q5ep2v/AFUdakc0aT+aPOJLZlvUJJhag0O6sG2sOaCo0msMkyfgfquvr6n9ylMvlLePZ9JfV3C6tWJA1Ub6kDqh6deSTySNWV1axCfl+QyDGkpLi6qJnts5jKllCEVUEszCLaqBguOqQTuT9yRlOQjuH8HfWnJl8MamNZiPZRd1AjX92Vr2ZxJbVDDo6R6xb7IOS7LUWTsTQ43HR7FV+jKPE4YtLmkQ5pIPoYKIw/BKrqXfDKGQTJMGBqYhW3ajDBtZuUf4kRrrpv6IztU8UsKyluYbysBLjAtf81E/LLCvw7b/AAyg8BFNhfpR/wA+0znCeFvr5spADBJLpj48lNR4FUdTNUZSwZjreGzMCOisZ7nAAn66ptsQDp7Nn3VnwhhqYIjVxFQDa/iA0QW8x1UuOvLH7w+PwKmIRvvePl+0xjQNkZxTg9Si0OfEEwCDJmCbiOiKp9nsUCDlFv8AM1XPbBg7phOuaN/6SnWcwG5ErIIPcBOBml2dSCOpjsJhXVHtpt+p5gT8nyRNfhFQVjQbD3iJy6CRN50iR7q57LUg3vazvoY08pmJPx/7IjshiMz6pOroInkScwB1O3sl8jkOpcr0v9z+0GjgI4QN2xP9B+5gLex9eJL2A8vF94VbWwz6FTI9pB1HIjmDoVd4rhmNp1HPpvLgSYhxsJkAtcouL401sofSyPaZuTMRpBGn6LlF1hYZYMD8diUPxK1GEUqw+dgyq4fRdVqimIkk68gJJPRT4jhlQ1TRYM5bqRoDvJOgVrwIBlOtXf8ASBA62BN/OAiezlR38JUqDxPl/uBIFr9fVdu5boWK9DA/U/tDq4iMAjnZyf0H7yjrdnsRTGYtDgNQ0yfb9EGwuqPDWtLnHQC5/t+SvOy3EK1SqWPcXtLSTO0aGdlbcIwTadauG82kD+kOEkDfUIX5tlPktgBIGRj8YNfDS0KaiQpOCD+Ez1Xs5icsw2eQdJ62Va9oaC2b/wA0iD5RtfZW/B+KV3YlrS9xDnuBYdALzA2j8lH2uwgZWBbYPbJHUGCfhOqvs+sK7cHIyMRN1Nf0TbUDo4OZR5oEBJpUjcI4idlG+k5uq0czMYMNkSQJJ9JsiUkWY1ayRmNDWlsAwbzOnku08Mc3isDvt0voonVZJLhJ9iEVTqSwsm38p5HkUgYMjnKtB4gA23uI+6ccc5hbkubH15IZ1MaAkj7J1R7coAgkW6+a82wcxqWshyDN6xjcQKNaCMji6COhHtMH0Wf7V/i4mnT+oAAZWXcJd455GPsheF9o6lKmKeRrg2YJJ05WUPC+Kd1VdWc3O5+Y6xlLjJOnosirh212M2NAHxH5zcv51N1ap8kFj+X94f2wqfiU6YIysbEA3bcWPIwBHkrPs3UJwj2tlrm54c76ZMkEG9husnVqB5LnXLiT1uZR2G466nRNDI0gh4mTPimfun3cVjx1rA2DE1cxE5DWscAg4/6jP+v4sGDVJvs1nPbwrQ9p2mphmOHhuHQ6zrgiI53WKDlc47tCauQPpiGPDrEyY2voiu4uLEatRruDx+av03W1jvqWWTu8C1hsXmXB1i6XXgctPRDcJwffE5HZCyD9JMbCCDYoLi3FO/fmIywIA1jnfzUWB4i6i7Mw62IOh6ELy0WfSbH3juUfaqg6/wAg1+Mt8TxrEUX92SHlsAgiZ8iLqy4sBWw4qFuRwuA+ztwW9Z2CDb2qkAmkJ/1f2lAVuNuqVGueAWsMhosLddypBx7CwYIFI7I9/wBJZ9prGcvkHofEM434cJSpjw5iC5ps46nTlP2CF7MVMQzN3bM7JGYE5ROxDucbIfimO76oXkRoAOQHX3XOH8SfQJLLg/U06GPseqpWlvs5TAJO9ySy1DeLPLAGsiXPC+M95WDKdDKCT3jmgE6GMxAgCRqm169YYx5oRU8IzNB8MC0E6B0ygMX2oqZS2nTbTJ1cLnzFhfrdVPD+IVKLg9hvuDo4HUFLThsfJvEDWADvP5wH56jCeRO8kgYx+QmmZxomtkbhwKmYB5blc6JGa4HyUN2wh1ek0uEQZA1F5uOuyjd2tdBLaTWuIu6Z+Iv6qjfVLnh7rmZJ5nmj4/EcWByvjgY7zmDyOajVeAbyyfjGBLd7XgQ1szzsRHMId+FzXLh/pAJgDVRNxHW+6ecUcsXj7rQCtBLVsNyOtAAAEDkuoWrWSThgSGy8FtSCrzSpvI0XXBMhT++ZFH57ynNYNSok4FdE9HPHJMTlyEWZ6Oa5HNoUP4dxL/xy6WjxQGiAWnaXZif/AMdVXpwKLGYYORgycMp2nleJ1kf3XWtpW/U8jr8JMZmFwmOoAJPj7Zlv4hRiSM7q19zz08UT/tTKvdwOc310k6T6IdNJReGDnJijydY8RNUaeAGeSDLTkyuqEavyEkmzy3Jm1AO1zDGswMfUIztmTUzEZmAgXs3KXGYJkRa05cPTmFFgH3i/qzS06WAIpOc4giO9bLyXRSE5SOdQ+mU7Ks4tRptyd29rxlh0EyXB7/EWkWBbk90E1yVRy8Acw/L09xZpHJMOhEppck1HmKL5nQnNaZTITmldggwnNp0Tqxlt0KHqR2hC9n3jxboyJJOYyfTdcSi0ljnJqSS5OThC4Ekl6enQkV1JdE9GpySSYsNZLScU99xdJJAfvS9fuQQrjkkkRkB7kalaEkkte5wdxzSk9dSTI3/bJ6FJsTCie66SS4vcYdJIwF1w1XUkTSc9RNT62v75BJJL9p4dRO0A8z6zH2SSSQwZ/9k="
904,Hustle,"Drama,Comedy",en,"After discovering a once-in-a-lifetime player with a rocky past abroad, a down on his luck basketball scout takes it upon himself to bring the phenom to the States without his team's approval. Against the odds, they have one final shot to prove they have what it takes to make it in the NBA.",https://encrypted-tbn2.gstatic.com/images?q=tbn:ANd9GcQRJj1Y8cSf84AsKOcSvlcVGPZKII8G_Pu22ga0VCTZHqUBxMNJv5L_pHkHrKwj5IW-3CxS
906,Father of the Bride,"Romance,Comedy",en,"A father coming to grips with his daughter’s upcoming wedding through the prism of multiple relationships within a big, sprawling Cuban-American family.",https://encrypted-tbn3.gstatic.com/images?q=tbn:ANd9GcQXl6INZClKSnFIb4KPtcUkjXElMiYGvgtefk37f3V0P6Ai8_nrVoDSgJd6cPawE4ObTIfJXw
1038,Prey for the Devil,"Horror,Thriller",en,"In response to a global rise in demonic possessions, the Catholic Church reopens exorcism schools to train priests in the Rite of Exorcism. On this spiritual battlefield, an unlikely warrior rises: a young nun, Sister Ann. Thrust onto the spiritual frontline with fellow student Father Dante, Sister Ann finds herself in a battle for the soul of a young girl and soon realizes the Devil has her right where he wants her.",https://ntvb.tmsimg.com/assets/p18458721_v_h8_ah.jpg?w=960&h=540
909,Jerry & Marge Go Large,"Comedy,Drama",en,"The remarkable true story of how retiree Jerry Selbee discovers a mathematical loophole in the Massachusetts lottery and, with the help of his wife, Marge, wins $27 million dollars and uses the money to revive their small Michigan town.",https://encrypted-tbn0.gstatic.com/images?q=tbn:ANd9GcQ3ZVFGDM27sJBKcmCB0DpkSquz701oS1T1ROxoJGfmLTAHEFLn-Eacmo8CIL7jxfhtZlxC3w
910,Cha Cha Real Smooth,"Comedy,Drama,Romance",en,"Fresh out of college and stuck at his New Jersey home without a clear path forward, 22-year-old Andrew begins working as a party starter for bar/bat mitzvahs—where he strikes up a unique friendship with a young mom and her teenage daughter.",https://encrypted-tbn1.gstatic.com/images?q=tbn:ANd9GcRClL2pETVN8-p8gPMUvsT_YnA3JhMFTPwVtPj0u9KVAkDLDbpRvtseCV4q9k6LgQbwsfou
994,Jeepers Creepers: Reborn,"Horror,Thriller,Mystery",en,"Forced to travel with her boyfriend to a horror festival, Laine begins to experience disturbing visions associated with the urban legend of The Creeper. As the festival arrives and the blood-soaked entertainment builds to a frenzy, she becomes the center of it while something unearthly has been summoned.",https://encrypted-tbn2.gstatic.com/images?q=tbn:ANd9GcRibXExqtiOdQ0umIxTMBLI5duZAuh-GU4T0dgA-83rdT-_wY8URqFffTxOGOttlSir8XjGZw
863,Choose or Die,"Horror,Thriller,Science Fiction",en,"In pursuit of an unclaimed $125,000 prize, a broke college dropout decides to play an obscure, 1980s survival computer game. But the game curses her, and she’s faced with dangerous choices and reality-warping challenges. After a series of unexpectedly terrifying moments, she realizes she’s no longer playing for the money but for her life.",https://encrypted-tbn1.gstatic.com/images?q=tbn:ANd9GcTeL2hWev8AbXjuLtChhPt7MxOlJOs96F_s8vrn6084j5uJTKvT1dygdcfcg9IhFhk08bN6
913,Beavis and Butt-Head Do the Universe,"Animation,Comedy,Science Fiction",en,"In 1998, Beavis and Butt-Head are sentenced to Space Camp by a “creative” judge. Their obsession with a docking simulator (huh huh) leads to a trip on the Space Shuttle, with predictably disastrous results. After going through a black hole, they re-emerge in our time, where they look for love, misuse iPhones, and are hunted by the Deep State. Spoiler: They don’t score.",https://encrypted-tbn3.gstatic.com/images?q=tbn:ANd9GcTmYhyZ6LePebgcrSSWuNPRpOi6h1rD9sNmu7YA_KoWHollqJ2h
914,Elvis,"Drama,Music,History",en,"The life story of Elvis Presley as seen through the complicated relationship with his enigmatic manager, Colonel Tom Parker.",https://encrypted-tbn0.gstatic.com/images?q=tbn:ANd9GcRPVHNGqQK_ToZt2aLKF3fX6_bBGkrGgLxF0KprdgWNEuSBbjsevaPgu15o0S961LAlhXri
917,The Sea Beast,"Animation,Adventure,Family,Fantasy",en,"In an era when terrifying beasts roamed the seas, monster hunters were celebrated heroes. None were more beloved than the great Jacob Holland. But when young Maisie Brumble stows away on his fabled ship, he's saddled with an unexpected ally. Together they embark on an epic journey into uncharted waters and make history.",https://encrypted-tbn2.gstatic.com/images?q=tbn:ANd9GcQRRG0HSlHdUGrmaqG2kBzKt3w0LvrtFMf-Jd_SRJmoxmJBDcApGSMUI7xhf_xI-TAiDwzE1Q
918,Marcel the Shell with Shoes On,"Animation,Comedy,Drama,Family",en,"Marcel is an adorable one-inch-tall shell who ekes out a colorful existence with his grandmother Connie and their pet lint, Alan. Once part of a sprawling community of shells, they now live alone as the sole survivors of a mysterious tragedy. But when a documentary filmmaker discovers them amongst the clutter of his Airbnb, the short film he posts online brings Marcel millions of passionate fans, as well as unprecedented dangers and a new hope at finding his long-lost family.",https://encrypted-tbn0.gstatic.com/images?q=tbn:ANd9GcRijy3J90JKKaMUkTNFOVaCXIYZ2BPN4_clE8HWVEPJdS3-qBljgaR8V8Ma6cJ58o_eEYJjpg
919,Rise,Drama,en,"After emigrating to Greece from Nigeria, Vera and Charles Antetokounmpo struggled to survive and provide for their five children, while living under the daily threat of deportation. Desperate to obtain Greek citizenship but undermined by a system that blocked them at every turn, the family's vision, determination and faith lifted them out of obscurity to launch the careers of three NBA champions.",https://encrypted-tbn0.gstatic.com/images?q=tbn:ANd9GcTnqWEfff0TKn3Axn9Z2-iw3yvrX2vP9B7-KR7vuj3sdwwse2jL
920,Press Play,"Music,Romance,Science Fiction",en,"Laura and Harrison have the picture-perfect romance built on the foundation of a shared love of music. After a deadly accident, Laura gets the chance to save the love of her life when she discovers that their mixtape can transport her back in time.",https://encrypted-tbn1.gstatic.com/images?q=tbn:ANd9GcSottib1XJHRwG7VONIJBu1-U0ZPZkemlzEvs5v-zQi5sF31awZZnQR2xIFEAzkD2M0W3Js0w
922,Minions: The Rise of Gru,"Animation,Comedy,Family",en,"A fanboy of a supervillain supergroup known as the Vicious 6, Gru hatches a plan to become evil enough to join them, with the backup of his followers, the Minions.",https://encrypted-tbn3.gstatic.com/images?q=tbn:ANd9GcSRtTrAuVixtD6Eci2AeLv_V46rkspGVZq0fVXSgnaeFeR0kavQELkT4NQjMOkUsSWR_utBqg
923,The Forgiven,Drama,en,"Over a weekend in the High Atlas Mountains of Morocco, a random accident reverberates through the lives of both the local Muslims and Western visitors to a house party in a grand villa.",https://encrypted-tbn2.gstatic.com/images?q=tbn:ANd9GcScBkft-ZQDEHVQxdqAV4RbYthTqLnzNxojyYcNZEflnJJ5aZEkqlczmqrVtuuXVpECjmQc8w
930,Where the Crawdads Sing,"Mystery,Drama,Thriller",en,"Abandoned by her family, Kya raises herself all alone in the marshes outside of her small town. When her former boyfriend is found dead, Kya is instantly branded by the local townspeople and law enforcement as the prime suspect for his murder.",https://encrypted-tbn2.gstatic.com/images?q=tbn:ANd9GcSf_ydvySipeQJOresLtcs412Ps9INqfpJ8D-aPZoljFGc4FIG03m5sH9joM1BLZtsHOqei
864,Titanic 666,"Mystery,Thriller,Horror",en,"After a mammoth cruise ship sails over the site of the Titanic’s disaster, dark and deadly events start to occur on board. As the ship’s captain investigates the tragic occurrences, it becomes clear that the passengers and crew from the original Titanic have returned.",https://encrypted-tbn2.gstatic.com/images?q=tbn:ANd9GcS6u34Bcky4NGEcdPdNc3_ckJjbOdf6aHv4nrzxsd5SeiKzUjVGqnSKPIYOrILyfMQr7BO8LQ
895,Zero Contact,"Science Fiction,Thriller",en,"Produced in 17 different countries entirely virtually during the 2020 global pandemic, the film follows five characters based all over the world, connected only by their devotion to the late founder and tech titan Finley Hart. Forced to work together to shut down Hart’s most secret invention, a machine that is either the solution to mankind’s problems or the end of the earth.",https://encrypted-tbn0.gstatic.com/images?q=tbn:ANd9GcRLNZ7DF7-KXi0bDymNUy0AIcGbeP3fQY_Q_a4serv_vF0sxeJx0e9vWLmV79K4YYyOvwC_
908,Spiderhead,"Science Fiction,Thriller",en,A prisoner in a state-of-the-art penitentiary begins to question the purpose of the emotion-controlling drugs he's testing for a pharmaceutical genius.,https://encrypted-tbn1.gstatic.com/images?q=tbn:ANd9GcSsrGS-KL_Qa2cQchFRIRLeA0FxC6d4rz3e09hn5zVxn5DAgp3WKXvJSAjDsLaXuoeChcEC
936,Don't Make Me Go,Drama,en,"A terminally ill man and his teenage daughter embark on a road trip from California to New Orleans for his 20th college reunion. While there, he secretly hopes she can reunite with the mother who left them long ago.",https://encrypted-tbn0.gstatic.com/images?q=tbn:ANd9GcSHrBLcCD6nbXqW0OkW89rwe_zsqlbjtdPwp_JcMaa8YF_vqmXhdapoDxWPnoczb0nd38th
881,Firestarter,"Science Fiction,Thriller,Horror",en,"For more than a decade, parents Andy and Vicky have been on the run, desperate to hide their daughter Charlie from a shadowy federal agency that wants to harness her unprecedented gift for creating fire into a weapon of mass destruction. Andy has taught Charlie how to defuse her power, which is triggered by anger or pain. But as Charlie turns 11, the fire becomes harder and harder to control. After an incident reveals the family's location, a mysterious operative is deployed to hunt down the family and seize Charlie once and for all. Charlie has other plans.",https://encrypted-tbn1.gstatic.com/images?q=tbn:ANd9GcSfJc7RLtghitkpq55ljZ6nDjr9et47N3kERz9ixlNVAwqjhNHniv-T4rPHhS5Kyq-zqAhUPQ
1016,Significant Other,"Science Fiction,Thriller,Horror,Mystery",en,"Ruth and Harry decide to take a romantic backpacking trip through the Pacific Northwest, but amongst the beautiful scenery, Ruth makes an unexpected discovery that sets her off on a strange, frightening new path. The couple aren't alone in the woods, and they might not be the same when they come out...if they come out.",https://encrypted-tbn3.gstatic.com/images?q=tbn:ANd9GcQ9AaFFcrtlhoc5qw3MScfuCPwBEKpsvBTr2N5cy-yx8XJOHkF9mQ6x0fWZj1nDAzoKEFSt6w
977,Pinocchio,"Fantasy,Adventure,Family",en,A wooden puppet embarks on a thrilling adventure to become a real boy.,https://encrypted-tbn0.gstatic.com/images?q=tbn:ANd9GcS84OS6C5nvbtrpR-TPQmgRxgnT5VnL_tqoyO6Ck_AwhfGajym5QTmb1O5kvLhH_xmwp3AV1A
926,Hot Seat,Thriller,en,"An ex-hacker is forced to break into high-level banking institutions, another man must try to penetrate the booby-trapped building to get the young man off the hot seat.",https://encrypted-tbn3.gstatic.com/images?q=tbn:ANd9GcSf-aYB8J7_5lFyMlmVvlAhyt4CImqCIeMKEmldz5mB-HcUgWWTQZ_ieW_F3AtmqCsbpMz0
981,Flight/Risk,Documentary,en,"Everyday people find themselves in the midst of a global tragedy when two Boeing 737 Max planes crashed only five months apart in 2018 and 2019. This powerful documentary is told through the perspective of affected family members, their legal teams, whistleblowers, and Pulitzer-winning Seattle Times journalist, Dominic Gates.",https://encrypted-tbn3.gstatic.com/images?q=tbn:ANd9GcTRBCpBiEWtfPJHWC2Sy4LA1EFHLEPmOdsWHa1Vz-NyQbZ6gmp4tolMiybK2K-u-aecEhm0SQ
986,Pearl,Horror,en,"Trapped on her family’s isolated farm, Pearl must tend to her ailing father under the bitter and overbearing watch of her devout mother. Lusting for a glamorous life like she’s seen in the movies, Pearl’s ambitions, temptations, and repressions collide.",https://encrypted-tbn2.gstatic.com/images?q=tbn:ANd9GcSPr7cwc_JlaY016_Q_m5VZvu22hy5PXhfrYZdYvDtzBXCEBVcyFn_J8ArQzOcAdHCL4q0ulw
990,Moonage Daydream,"Documentary,Music",en,A cinematic odyssey featuring never-before-seen footage exploring David Bowie's creative and musical journey.,https://encrypted-tbn1.gstatic.com/images?q=tbn:ANd9GcSyBLx_jphChjRoeEIF5IClJPAUngPZrlfyjlSwxvyW5xU0C75lo206aOYqsA7PJlyL9hN2
935,Wrong Place,Thriller,en,"A methamphetamine cook hunts down the former police chief of a small town in order to silence him before he can deliver eyewitness testimony against his family, but ultimately finds himself up against more than he had bargained for.",https://encrypted-tbn1.gstatic.com/images?q=tbn:ANd9GcREaSWuQByvaUQoajTwruALCLajaTv-h5OJIJSPETmU3cX0b9wrXqFFpL7Doc9947Nivc1k
960,Fall,Thriller,en,"For best friends Becky and Hunter, life is all about conquering fears and pushing limits. But after they climb 2,000 feet to the top of a remote, abandoned radio tower, they find themselves stranded with no way down. Now Becky and Hunter’s expert climbing skills will be put to the ultimate test as they desperately fight to survive the elements, a lack of supplies, and vertigo-inducing heights",https://encrypted-tbn1.gstatic.com/images?q=tbn:ANd9GcSF5bpuBcL40CYVZiqaqPOZIDoHWlLuIg9r-PN9WLphR7C_REEHxqsS5PJ64jerXnTOggol
857,Ambulance,"Thriller,Action",en,"Decorated veteran Will Sharp, desperate for money to cover his wife's medical bills, asks for help from his adoptive brother Danny. A charismatic career criminal, Danny instead offers him a score: the biggest bank heist in Los Angeles history: $32 million.",https://encrypted-tbn3.gstatic.com/images?q=tbn:ANd9GcSUuTm5ncE6dYHAX5Plo_UfJLd9bLcFiui-Rm5O5qBAqtTuMOUI301fZmOOoSk-wL5uGUi0FQ
858,All the Old Knives,"Thriller,Action",en,"When the CIA discovers one of its agents leaked information that cost more than 100 people their lives, veteran operative Henry Pelham is assigned to root out the mole with his former lover and colleague Celia Harrison.",https://encrypted-tbn2.gstatic.com/images?q=tbn:ANd9GcSzNeUpCMIcGGOdLlBIjbMg8F8DR4BJdHrbLxyaWJxUM76vYzs5
946,Paradise Highway,"Thriller,Crime,Drama",en,"A truck driver has been forced to smuggle illicit cargo to save her brother from a deadly prison gang. With FBI operatives hot on her trail, Sally's conscience is challenged when the final package turns out to be a teenage girl.",https://encrypted-tbn1.gstatic.com/images?q=tbn:ANd9GcQOAtAK6oVHj5w9NS_buajjhFCmRyboniwR3uiASLrGfwoWnMI6YCygXHoeaagSycg-nONO
1015,Hellraiser,"Horror,Mystery",en,"A young woman struggling with addiction comes into possession of an ancient puzzle box, unaware that its purpose is to summon the Cenobites, a group of sadistic supernatural beings from another dimension.",https://encrypted-tbn2.gstatic.com/images?q=tbn:ANd9GcTUtoR0Faij7rS8qqzjOnauKrytZZiyY0H6NwL64z0x3wZoEwzcdpBMPUL9T8aRNOvh6zHn
884,Private Property,"Thriller,Drama",en,"Kathryn, a struggling actress and unfulfilled housewife, becomes involved with her new gardener, Ben. As he gives her the attention and sensitivity she craves, they start to fall for each other. But Ben is not what he seems.",https://encrypted-tbn3.gstatic.com/images?q=tbn:ANd9GcSt9RrrcBkOVvzV3gjSKqoV4lmn_mIOTtgeF6NDkLah1V6g8H2RfK5nU0Skyq56Apv2CTfV
1017,The Redeem Team,Documentary,en,"Using unprecedented Olympic footage and behind-the-scenes material, The Redeem Team tells the story of the US Olympic Men's Basketball Team’s quest for gold at the 2008 Olympic Games in Beijing following the previous team’s shocking performance four years earlier in Athens.",https://encrypted-tbn0.gstatic.com/images?q=tbn:ANd9GcRnfZFNOjMWebuHpRVNkyIqxqqCrBUZCIuRa7UEY1hVB_siYIeWGRleY_4GWTs_swxXTMU&usqp=CAU
878,Escape the Field,"Thriller,Horror",en,"Six strangers suddenly awaken in a remote, endless cornfield. Stripped of their possessions, they are left with only six items: a gun with a single bullet, matches, a lantern, a knife, a compass, and a flask of water. As mysterious sirens blare in the distance and traps appear at every turn, the group realizes it’s been plunged into a cat-and-mouse game with an unseen evil, and survival depends upon solving a diabolical and deadly puzzle.",https://encrypted-tbn0.gstatic.com/images?q=tbn:ANd9GcT0sPDE4RS2JUUjyuJVR29v75Hq1xI7GrllY8Y4_hew_Yj728EmDkIT-kC09kYMSzMycRQq
933,Gone in the Night,"Thriller,Mystery,Drama",en,"Upon arriving at a remote cabin in the redwoods, Kath and her boyfriend find a mysterious younger couple already there — the rental has apparently been double-booked. They decide to share the cabin with these strangers until the next morning, but her boyfriend disappears with the young woman, which sends Kath in a spiral to find an explanation for their sudden breakup — but the truth is far stranger than she could have imagined.",https://encrypted-tbn1.gstatic.com/images?q=tbn:ANd9GcQwTUXheH--b37d4BMxVuHojuwGstcgZ0QuDS_fYEdDq4ORJS8rr1Mrvvr4A517Ljjk-m3U
1025,The School for Good and Evil,Fantasy,en,Best friends Sophie and Agatha navigate an enchanted school for young heroes and villains — and find themselves on opposing sides of the battle between good and evil.,https://encrypted-tbn3.gstatic.com/images?q=tbn:ANd9GcTZjCD2961gc21h6iKtvCG2vZ1999FP62ThWUuwFh4V7dFRflw0SgbWS1_gdCZrL0FAW04Z
995,Don't Worry Darling,"Thriller,Mystery,Science Fiction",en,"Alice and Jack are lucky to be living in the idealized community of Victory, the experimental company town housing the men who work for the top-secret Victory Project and their families. But when cracks in their idyllic life begin to appear, exposing flashes of something much more sinister lurking beneath the attractive façade, Alice can’t help questioning exactly what they’re doing in Victory, and why.",https://encrypted-tbn2.gstatic.com/images?q=tbn:ANd9GcTslfAgO-Fc2zzplOnPHQAvZcnDdDn0DHp4DBDneVLkU1I1u7ZLNC2YAC1_YWofkrWRglM-
1008,Dead for a Dollar,"Western,Thriller",en,"In 1897, veteran bounty hunter Max Borlund is deep into Mexico where he encounters professional gambler and outlaw Joe Cribbens — a sworn enemy he sent to prison years before. Max is on a mission to find and return Rachel Kidd, the wife of a wealthy businessman, who as the story is told to Max, has been abducted by Buffalo Soldier Elijah Jones. Max is ultimately faced with a showdown to save honor.",https://encrypted-tbn0.gstatic.com/images?q=tbn:ANd9GcRMUhu-KjENrM_t_DTL9xf2FPoSIKYPlPzCHrz9997tjJ8NCk3eB_zKF5cctzGOJxSIJNuQ
,Something in the Dirt,"Science Fiction,Mystery",en,"When neighbors John and Levi witness supernatural events in their LA apartment building, they realize documenting the paranormal could inject some fame and fortune into their wasted lives.",https://encrypted-tbn2.gstatic.com/images?q=tbn:ANd9GcQQWhmFIxRl0PVrFdirPTlSwX4kLNt7lbaXEBm1i4MDZMG4sHRxx9lr04xUo4SRV9_ZUs55Rw
1050,Good Night Oppy,Documentary,en,"The inspirational true story of Opportunity, a rover that was sent to Mars for a 90-day mission but ended up surviving for 15 years. Follow Opportunity’s groundbreaking journey on Mars and the remarkable bond forged between a robot and her humans millions of miles away.",https://encrypted-tbn2.gstatic.com/images?q=tbn:ANd9GcQcs0iihjOGcg88UFYI1mxj2AROwLnTXyF2L0HAZMiiONnDrrKK0570szBvDq6qtit8QXSG
1056,Is That Black Enough for You?!?,Documentary,en,"A look at the Black revolution in 1970s cinema, from genre films to social realism, from the making of new superstars to the craft of rising auteurs.",https://encrypted-tbn3.gstatic.com/images?q=tbn:ANd9GcQV--MWRh9z-jMa_9mgVA_qV7Gkv0Ibxg4wbffIXDDjG7qs9Ik9tFKoN0JI1vTkUW4bkUTSmA
1064,Slumberland,"Family,Fantasy",en,"A young girl discovers a secret map to the dreamworld of Slumberland, and with the help of an eccentric outlaw, she traverses dreams and flees nightmares, with the hope that she will be able to see her late father again.",https://encrypted-tbn0.gstatic.com/images?q=tbn:ANd9GcQSu9-1AYO1B1w4xA0IdlSrdkchlNTmyU0VuyNoA0B2dS0O3L_7lXdYwcTinLcphSi9PYwtKg
1066,Scrooge: A Christmas Carol,"Animation,Family,Fantasy",en,"On a cold Christmas Eve, selfish miser Ebenezer Scrooge has one night left to face his past — and change the future — before time runs out.",https://encrypted-tbn3.gstatic.com/images?q=tbn:ANd9GcShRfI7eDK7G_8I8lYRAnrpAokUxVMGQT1vZavxpLAislfcBdmeKdRy2LNxD_-b8uSF5WBQ
1069,Prancer: A Christmas Tale,"Family,Fantasy",en,"Ten-year-old Gloria and her recently widowed grandfather Bud befriend a mysterious reindeer when the family gather for Christmas. Bud comes to believe that Prancer may actually be magical, but Gloria fears his theory will send him straight to a retirement home.",https://encrypted-tbn3.gstatic.com/images?q=tbn:ANd9GcQQFFbhtL8dbG5RyUgcTBVDEcIk4VKJLRvyEC5lfnq7H6m_uN59tc0Aln8ZCthoIeGA_jFGSA
1070,Strange World,"Animation,Family,Adventure,Science Fiction",en,"A journey deep into an uncharted and treacherous land, where fantastical creatures await the legendary Clades—a family of explorers whose differences threaten to topple their latest, and by far most crucial, mission.",https://encrypted-tbn0.gstatic.com/images?q=tbn:ANd9GcSy20O9k6GqVqXScVRWkT5xadYlclxqJES0LH9izaZMtqUod9CBZqK1JSeHF8iFeK0lBZm6XA
1095,Wildcat,Documentary,en,"Back from war in Afghanistan, a young British soldier struggling with depression and PTSD finds a second chance in the Amazon rainforest when he meets an American scientist, and together they foster an orphaned baby ocelot.",https://encrypted-tbn0.gstatic.com/images?q=tbn:ANd9GcSwS0X3X55m8nRBOliJd7HuMBgbbouM9sRJIW_MwPlyU5GNSZnOQwiAswmup4WPRee0keLZ
1098,The Pale Blue Eye,Crime,en,"West Point, New York, 1830. When a cadet at the burgeoning military academy is found hanged with his heart cut out, the top brass summons former New York City constable Augustus Landor to investigate. While attempting to solve this grisly mystery, the reluctant detective engages the help of one of the cadets: a strange but brilliant young fellow by the name of Edgar Allan Poe",https://encrypted-tbn2.gstatic.com/images?q=tbn:ANd9GcQE0OPD1yQAu2XeuMmtPnPct08259Gx4op6C9XAsvw-0YyscO-vIOScYcAaDqkP1K9G4SxwDQ
1110,Don't Tell a Soul,Crime,en,"Two thieving teenage brothers, stealing money to help their sick mom, match wits with a troubled security guard stuck at the bottom of a forgotten well.",https://encrypted-tbn0.gstatic.com/images?q=tbn:ANd9GcTx1PJ0n5ZZe5ZTZ5p1WixTL6-xaeDNzrF6_zevzUX4nM4vJKlIvfc07Meu6MltfDFAYxhv
1143,Billie Eilish: The World's a Little Blurry,"Documentary,Music",en,"This documentary offers a deeply intimate look at extraordinary teenager Billie Eilish. Award-winning filmmaker R.J. Cutler follows her journey on the road, onstage, and at home with her family as the writing and recording of her debut album changes her life.",https://encrypted-tbn2.gstatic.com/images?q=tbn:ANd9GcRZWZz1WxtI69Jfq995Vl0Gho7Y3gMvPcNkITs__A7fpSua8ikNdxPyhUGq0oiBrThf4-ix
1149,Chaos Walking,"Fantasy,Science Fiction,Adventure",en,"Two unlikely companions embark on a perilous adventure through the badlands of an unexplored planet as they try to escape a dangerous and disorienting reality, where all inner thoughts are seen and heard by everyone.",https://encrypted-tbn0.gstatic.com/images?q=tbn:ANd9GcQqwn5PZlPiiqyR1S7DYGh4_VZYtG1_c8bZWDfyelS85ok3v6vuVyz80DXite236X1nzxdC
1160,The Seventh Day,Horror,en,"A renowned exorcist teams up with a rookie priest for his first day of training. As they plunge deeper into hell on earth, the lines between good and evil blur, and their own demons emerge.",https://encrypted-tbn1.gstatic.com/images?q=tbn:ANd9GcQ1xXa6Z1fOhRJ3L51Vu4TRiWR6cGBXHGhgVNhsV5gS9CR38xj2heMrDE0HpjIzRwArrTHQ
1189,The Water Man,Adventure,en,"Hoping to save his sick mother, a boy named Gunner and his friend Jo venture into the remote Wild Horse forest to search for a mythical figure who possesses the secret to immortality. When they go missing, Gunner's father Amos must immerse himself in his son's world to find them.",https://encrypted-tbn0.gstatic.com/images?q=tbn:ANd9GcSlCut613JKrfZLIScK5GCwB8vyKowaE0278xPqxpOFD4LsTC3mVTCT1s5kly90PeH_WKO5
1206,Changing the Game,Documentary,en,"Transgender high school athletes from across the country compete at the top of their fields, while also challenging the boundaries and perceptions of fairness and discrimination.",https://encrypted-tbn2.gstatic.com/images?q=tbn:ANd9GcTGj_g74fV7407Bl757L3nUkyH49KCwtPUR03WKNrfFoIOmXHQF23SoE9jichZxa05m0wHL
1207,Spirit Untamed,"Animation,Adventure,Family,Western",en,Lucky Prescott's life is changed forever when she moves from her home in the city to a small frontier town and befriends a wild mustang named Spirit.,https://encrypted-tbn1.gstatic.com/images?q=tbn:ANd9GcSIKAaua9AB-XTMW04UE1_xti3RnZmlv-2-n-4GSzN1sylcBjI8Fnv37IxJD-BnSVx2NpWu
1226,Rita Moreno: Just a Girl Who Decided to Go for It,Documentary,en,"Rita Moreno defied both her humble upbringing and relentless racism to become one of a select group who have won an Emmy, Grammy, Oscar and Tony Award. Over a seventy year career, she has paved the way for Hispanic-American performers by refusing to be pigeonholed into one-dimensional stereotypes.",https://encrypted-tbn0.gstatic.com/images?q=tbn:ANd9GcR38h6nfOIKqS64sOjHBIX_L3TXk6De6eWlfLzFKcssZoT8N7L-3o4klMgQH1xo2_s3i-4p
1227,The Sparks Brothers,"Documentary,Music",en,"Take a musical odyssey through five weird and wonderful decades with brothers Ron & Russell Mael, celebrating the inspiring legacy of Sparks: your favorite band’s favorite band.",https://encrypted-tbn0.gstatic.com/images?q=tbn:ANd9GcTCFRyoVFZq5nEpw1Xb3D7cmQatlO9vslj7jk5_sA4D6X1IV72jiHa3EIM7fdl9Y9jhcrU5aw
1228,Truman & Tennessee: An Intimate Conversation,Documentary,en,"The parallel lives of writer Truman Capote (1924-84) and playwright Tennessee Williams (1911-83): two friends, two geniuses who, while creating sublime works, were haunted by the ghosts of the past, the shadow of constant doubt, the demon of addictions and the blinding, deceptive glare of success.",https://encrypted-tbn3.gstatic.com/images?q=tbn:ANd9GcShKtOW05qhwgrEUGjQsNOaBhx_AkohnHczfisLwinCm4LZG40Vj9oY4wT_brB9ZiKXQrpv0Q
1230,A Crime on the Bayou,Documentary,en,"A Crime on the Bayou is the story of Gary Duncan, a Black teenager from Plaquemines Parish, a swampy strip of land south of New Orleans. In 1966, Duncan tries to break up an argument between white and Black teenagers outside a newly integrated school. He gently lays his hand on a white boy’s arm. The boy recoils like a snake. That night, police burst into Duncan’s trailer and arrest him for assault on a minor. A young Jewish attorney, Richard Sobol, leaves his prestigious D.C. firm to volunteer in New Orleans. With his help, Duncan bravely stands up to a racist legal system powered by a white supremacist boss to challenge his unfair arrest. Their fight goes all the way to the U.S. Supreme Court, and their lifelong friendship is forged.",https://encrypted-tbn0.gstatic.com/images?q=tbn:ANd9GcQvfef3eZTCImnqiI0TdAUvb7071aTqw7_j9xNI2H-jhgXGUrHvkwxQVQQ5Vjjl5WBlhMPi
1237,Mary J. Blige's My Life,"Documentary,Music",en,"Mary J. Blige set the music world on fire with her trailblazing 1994 LP ""My Life."" The singer, producer and actress reveals the demons and blessings that inspired the record and propelled her to international stardom. She celebrates the 25th anniversary of her most influential work by performing the album live for the first time.",https://encrypted-tbn0.gstatic.com/images?q=tbn:ANd9GcTIxs_HbhDwJhGV9K4Xg_wckmj0h211opiSZsmXKX2pagbCfrIBjLnX5CfCKkq8gAJnU0uB
1238,Fathom,Documentary,en,Two biologists set out on an undertaking as colossal as their subjects—deciphering the complex communication of whales. Dr. Michelle Fournet and Dr. Ellen Garland journey to opposite hemispheres to uncover a culture eons older than our own.,https://encrypted-tbn2.gstatic.com/images?q=tbn:ANd9GcQgOse0LwsMiKDB1YL9Elq5f4DLaw9nPiWLWlEVFIE0A-UzWI47
1255,Roadrunner: A Film About Anthony Bourdain,Documentary,en,"An intimate, behind-the-scenes look at how an anonymous chef became a world-renowned cultural icon. This unflinching look at Anthony Bourdain reverberates with his presence, in his own voice and in the way he indelibly impacted the world around him.",https://encrypted-tbn2.gstatic.com/images?q=tbn:ANd9GcRwL8gEGO5gTX91zalwWDm52mlLCctmrDE6yQFR9r_A_Sbr031vTnzX5yaXjgzamvqoVjpHyQ
1263,Val,Documentary,en,"For over 40 years Val Kilmer, one of Hollywood’s most mercurial and/or misunderstood actors has been documenting his own life and craft through film and video. He has amassed thousands of hours of footage, from 16mm home movies made with his brothers, to time spent in iconic roles for blockbuster movies like Top Gun, The Doors, Tombstone, and Batman Forever. This raw, wildly original and unflinching documentary reveals a life lived to extremes and a heart-filled, sometimes hilarious look at what it means to be an artist and a complex man.",https://encrypted-tbn0.gstatic.com/images?q=tbn:ANd9GcTTVZypAefqsnfwNznXc2xpsDsVA6S8yNWi9FI5noejUV_GNgR9UARKbsf0AIEjQcLSl7yq
1264,Ailey,Documentary,en,"Alvin Ailey was a visionary artist who found salvation through dance. Told in his own words and through the creation of a dance inspired by his life, this immersive portrait follows a man who, when confronted by a world that refused to embrace him, determined to build one that would.",https://encrypted-tbn3.gstatic.com/images?q=tbn:ANd9GcTAJanLYgD_t4KvG_W8O1RkFECSormlvd7qm9FBPh3JJBcT6pQ2xLjqgyzGlMiuywQnBaCX_Q
1273,Enemies of the State,Documentary,en,"From the outside, the DeHart’s were an All-American family. Parents Paul and Leann were U.S. Military members, and son Matt was obsessed with computers from an early age. As a military family, they moved around during Matt’s adolescence, and Matt really grew up online. When Matt’s work with the hacker collective Anonymous rouses the suspicions of the U.S. government, the family is drawn into a bizarre web of secrets and espionage.",https://encrypted-tbn0.gstatic.com/images?q=tbn:ANd9GcRhH7cbBWP2eAZ1h_ooWGvjnwdBKNwujkz6Fg&s
1280,Homeroom,Documentary,en,"Following the class of 2020 at Oakland High School in a year marked by seismic change, exploring the emotional world of teenagers coming of age against the backdrop of a rapidly changing world.",https://encrypted-tbn2.gstatic.com/images?q=tbn:ANd9GcQz3uFwn1CtXUF6QAMeOV1Wm2msm6_etwoZXuwQy5OmrNICWA9uI-Jh96chN8VsBO44iv3y
1286,Not Going Quietly,Documentary,en,"An intimate, inspiring look at activist and loving father Ady Barkan, diagnosed with ALS at age 32 and who, in spite of declining physical abilities, embarks on a nationwide campaign for healthcare reform.",https://encrypted-tbn3.gstatic.com/images?q=tbn:ANd9GcQ81Fw3ld_SD-qQMGo43J1dfi6cL5C4VTs4IoPNIYeLliawBzBnfGvpH0nicRBA-v1Keiap
1294,Cryptozoo,"Animation,Fantasy",en,"Cryptozookeepers try to capture a Baku, a dream-eating hybrid creature of legend, and start wondering if they should display these beasts or keep them hidden and unknown.",https://encrypted-tbn0.gstatic.com/images?q=tbn:ANd9GcSRVpx-Rr1S8FNzbLRgnVTPsEUxaj7uZgUKaJMxnqLznqHAlDVeRhqWiEIgo1TdZF0s_ewgZQ
1319,Show Me the Father,Documentary,en,"Everyone has a unique father story. Whether positive or painful, it's always personal and can deeply affect the core of our identity and direction of our lives. Providing a fresh perspective on the roles of fathers in today’s society, SHOW ME THE FATHER invites you to think differently about how you view your earthly father, and how you personally relate to God.",https://encrypted-tbn1.gstatic.com/images?q=tbn:ANd9GcTCEXg9evkZu0n28K1PT6Pw8uEXYLx4kE5f9-zcNS0WIlXSrfAH
1341,The Many Saints of Newark,Crime,en,"Young Anthony Soprano is growing up in one of the most tumultuous eras in Newark, N.J., history, becoming a man just as rival gangsters start to rise up and challenge the all-powerful DiMeo crime family. Caught up in the changing times is the uncle he idolizes, Dickie Moltisanti, whose influence over his nephew will help shape the impressionable teenager into the all-powerful mob boss, Tony Soprano.",https://encrypted-tbn1.gstatic.com/images?q=tbn:ANd9GcSIPkx4oSRdVqlHK7A4--X4Y596I4IuL_ZOo7shZtEv2Pik-8-I7jM7ar9V7F2nr-1HWHUNjw
1366,The Harder They Fall,Western,en,"Gunning for revenge, outlaw Nat Love saddles up with his gang to take down enemy Rufus Buck, a ruthless crime boss who just got sprung from prison.",https://encrypted-tbn0.gstatic.com/images?q=tbn:ANd9GcTbVDKXTTuXJMvKtH5hRm9_TmuEh3ssVJrhVx_3bq_ry7QRgWAZB8srWDuQD9Ms28-ILkvi
1415,Rumble,"Animation,Family",en,"In a world where monster wrestling is a global sport and monsters are superstar athletes, teenage Winnie seeks to follow in her father’s footsteps by coaching a loveable underdog monster into a champion.",https://encrypted-tbn3.gstatic.com/images?q=tbn:ANd9GcRzfIJgm_vcy1PrNwUGXTVOY2fx7qfquVoLstn2naGvgU3OlJJZN91RxV3P6dLxIguugfGfPg
1422,Sing 2,"Animation,Family",en,"Buster and his new cast now have their sights set on debuting a new show at the Crystal Tower Theater in glamorous Redshore City. But with no connections, he and his singers must sneak into the Crystal Entertainment offices, run by the ruthless wolf mogul Jimmy Crystal, where the gang pitches the ridiculous idea of casting the lion rock legend Clay Calloway in their show. Buster must embark on a quest to find the now-isolated Clay and persuade him to return to the stage.",https://encrypted-tbn3.gstatic.com/images?q=tbn:ANd9GcThtcNpKKc5W2Z8oevpj6Hq_oH1tqaDJksHKK035C5_lLlh0rSJoXIF09UgV7FiWChNFo3fCw
1437,Dolittle,"Family,Fantasy,Adventure",en,"After losing his wife seven years earlier, the eccentric Dr. John Dolittle, famed doctor and veterinarian of Queen Victoria’s England, hermits himself away behind the high walls of Dolittle Manor with only his menagerie of exotic animals for company. But when the young queen falls gravely ill, a reluctant Dolittle is forced to set sail on an epic adventure to a mythical island in search of a cure, regaining his wit and courage as he crosses old adversaries and discovers wondrous creatures.",https://encrypted-tbn0.gstatic.com/images?q=tbn:ANd9GcT7y6WuIbMmlQmWc2cCkpKd6NWS7tcTvYHwQX4QkvciZGa1mcdnbhc763DZ3ywMfuN_MTvC
1540,Black Is King,Music,en,"This visual album from Beyoncé reimagines the lessons of ""The Lion King"" (2019) for today’s young kings and queens in search of their own crowns.",https://lumiere-a.akamaihd.net/v1/images/p_disneyplusoriginals_blackisking_poster_rebrand_3a95d39e.jpeg
1612,Over the Moon,"Animation,Adventure,Family,Fantasy",en,"In this animated musical, a girl builds a rocket ship and blasts off, hoping to meet a mythical moon goddess.",https://encrypted-tbn1.gstatic.com/images?q=tbn:ANd9GcSzNbqcaSUw04iM2_Y4lxNpPJgLz7vDwXDYDSup_juLB9P_7YQNvKPFjVX8tE5tg0MKAKY
1714,Never Grow Old,Western,en,"An Irish undertaker profits when outlaws take over a peaceful town, but his own family come under threat as the death toll increases dramatically.",https://encrypted-tbn0.gstatic.com/images?q=tbn:ANd9GcS5fo_0dk9YLSHWIW-ZtWBoZ7ubAUmZce9KZPQ-y4Z3YbRD-PnQwPHPej5xz4mLjBpXH13FHg
1747,"Extremely Wicked, Shockingly Evil and Vile",Crime,en,"A chronicle of the crimes of Ted Bundy, from the perspective of his longtime girlfriend, Elizabeth Kloepfer, who refused to believe the truth about him for years.",https://encrypted-tbn0.gstatic.com/images?q=tbn:ANd9GcR-CFopu1BOBIgY9FCizVK4Bfx2fMW6PghGBHw9yFeNWTfZfaFc
1749,Pokemon Detective Pikachu,"Action,Adventure,Fantasy",en,"In a world where people collect pocket-size monsters (Pokémon) to do battle, a boy comes across an intelligent monster who seeks to be a detective.",https://encrypted-tbn3.gstatic.com/images?q=tbn:ANd9GcT_Oa9jLp3dBESQQxXeYVix3D_84z1g1xbUAu6eL8H17UO3bOCRFKh7lOtUG7lBfSLl3KYX8Q
1772,Shaft,"Action,Crime",en,"JJ, aka John Shaft Jr., may be a cyber security expert with a degree from MIT, but to uncover the truth behind his best friend’s untimely death, he needs an education only his dad can provide. Absent throughout JJ’s youth, the legendary locked-and-loaded John Shaft agrees to help his progeny navigate Harlem’s heroin-infested underbelly.",https://encrypted-tbn1.gstatic.com/images?q=tbn:ANd9GcQKPKt5W97YZHMRxn4na92e-0OOygA5nNcn1qj81D_ZrMN_tyYQ5j1ksQBUKMou118hAIcc
1828,Running with the Devil,Action,en,A leader of a drug cartel sends his two toughest henchmen to investigate why a shipment was botched.,https://encrypted-tbn3.gstatic.com/images?q=tbn:ANd9GcTr76I23U0jL_fzrh-ZwGow3PErlCE1ghcQNyU5tKP5i7Z6KRgHRPuy-wH9uTx1PKJv3rQ0
1871,The Good Liar,Crime,en,"Career con man Roy sets his sights on his latest mark: recently widowed Betty, worth millions. And he means to take it all. But as the two draw closer, what should have been another simple swindle takes on the ultimate stakes.",https://encrypted-tbn1.gstatic.com/images?q=tbn:ANd9GcTCwFAkHd8YXuwAhNd---XBWvbkiQNxtr9-UZeoVikpL0Z5CXCXu-GbXXVOakPE4FnzeVCx
1932,Every Day,"Fantasy,Romance",en,"16-year old Rhiannon falls in love with a mysterious spirit named “A” that inhabits a different body every day. Feeling an unmatched connection, Rhiannon and “A” work each day to find each other, not knowing what the next day will bring.",https://encrypted-tbn2.gstatic.com/images?q=tbn:ANd9GcSbcrtiu0tmqPvI3dWx9yn8jKYwiPLRws_iVo-J5G69QEXvAsMsGNKI1keNt1fBY6eNOqwQ
1946,Tomb Raider,"Action,Adventure,Fantasy",en,"Lara Croft, the fiercely independent daughter of a missing adventurer, must push herself beyond her limits when she finds herself on the island where her father disappeared.",https://encrypted-tbn2.gstatic.com/images?q=tbn:ANd9GcTqpFX8UcWK1-IjrNfZzoGpgWrDpjQ8q36Ei4eqT8hsDl9D3eiw0BupIGSPK6A31m15EbT0
2001,Future World,Science Fiction,en,A young boy searches a future world wasteland for a rumored cure for his dying mother.,https://encrypted-tbn2.gstatic.com/images?q=tbn:ANd9GcQ6BvvrEOdEzyUWG0AN30Z3LclZ0Ea1fZwCYy7xoSvZS5qgXI7xNVs795IlY8CO15qbsCzH
2084,Venom,"Science Fiction,Action",en,"Investigative journalist Eddie Brock attempts a comeback following a scandal, but accidentally becomes the host of Venom, a violent, super powerful alien symbiote. Soon, he must rely on his newfound powers to protect the world from a shadowy organization looking for a symbiote of their own.",https://encrypted-tbn3.gstatic.com/images?q=tbn:ANd9GcRSAV161vHVXamqMrcrD63a116fbv_B3icvCM7XVpK2S2U3vNGKeat6KFnEcyQxH9Zmt8eE
3072,D-Day,War,en,"Some people called it a suicide, but for the Rangers of the 2nd Battalion, that's another word for mission. When an elite group of American soldiers are ordered to take out a series of German machine gun nests, they find themselves blindly venturing into hostile territory. Outnumbered and outgunned they must risk life and limb as they cross treacherous terrain, never knowing where the enemy might be hiding.",https://encrypted-tbn2.gstatic.com/images?q=tbn:ANd9GcRWXAKFF9iFHkvThhlaGmE_WvHACZD3723KB6HgZacBHocYzss8RyN-VgPz6wNZL6awi18E
4015,Loveyatri,"Romance, Comedy",en,"Romance blossoms between young Sushrut and Michelle when they meet during the festival of Navratri; when Michelle returns home to the United Kingdom, Sushrut embarks on an adventurous journey through a strange land to win back the woman he loves.",http://t1.gstatic.com/images?q=tbn:ANd9GcRMZh7jsWpZY-tkBMbZsAV3tforTqv0ABgNFxOliElw8evtf5CkNB_vWh_Hu226fiDmpxwOhKYxpuh2qc4kA6lERkDQH43-UA
4016,Anyone but for movie ,"Comedy, Romance",en,"Despite having an amazing first date, Bea and Ben's initial attraction quickly turns sour. When they unexpectedly find themselves at a destination wedding in Australia, the pair pretend to be the perfect couple to keep up appearances.",https://encrypted-tbn0.gstatic.com/images?q=tbn:ANd9GcSOJVvLYOeK82BVLasc9jnS9LhNQdwgmeNPy4NQb_SphLpELsES5ja-cqZnXB9t7AqaM0Wl
4017,It Ends with us,"Romance, Drama",en,"Lily Bloom moves to Boston to chase her lifelong dream of opening her own business. A chance meeting with charming neurosurgeon Ryle Kincaid soon sparks an intense connection, but as the two fall deeply in love, she begins to see sides of Ryle that remind her of her parents' relationship. When Lily's first love, Atlas Corrigan, suddenly reenters her life, her relationship with Ryle gets upended, leaving her with an impossible choice.",http://t2.gstatic.com/images?q=tbn:ANd9GcRMs0qatPUikt1PmLgysMUu0ZOE_kcIDm2zPqx4DanxZcWmtFS22iM_ypJq117Kv3m0tmAFIMmY7tKiQXVhIF4TKp1ZLqRTRw
