ame,Synopsis,Genre,Poster PathN
Move to Heaven,"Geu Roo is a young autistic man. He works for his father’s business “Move To Heaven.” Their job is to arrange items left by deceased people. One day, Geu Roo's own father dies. Geu Roo is left alone, but his uncle Sang Koo suddenly appears in front of him. Sang Koo is a cold man. He was a martial artist who fought in underground matches. He went to prison because of what happened at his fight. Sang Koo now becomes Geu Roo’s guardian. They run “Move To Heaven” together.","Life,  Drama,  Family ",https://image.tmdb.org/t/p/original/n277gYwCQOBcTnACEwiyU7Xg1m2.jpg
Flower of Evil,"Although Baek Hee Sung is hiding a dark secret surrounding his true identity, he has established a happy family life and a successful career. He is a loving husband and doting father to his young daughter. But his perfect façade begins to crumble when his wife, Cha Ji Won, a homicide detective, begins investigating a string of serial murders from 15 years ago. Ji Won notices changes in Hee Sung’s behavior and begins to wonder if he could possibly be hiding something from her. ","Thriller,  Romance,  Crime,  Melodrama ",https://m.media-amazon.com/images/M/MV5BMzY2NTQ2OGYtOTY5Ny00ZjJjLTg3ODQtYzRhZGVmNzgzZmQ4XkEyXkFqcGc@._V1_FMjpg_UX1000_.jpg
Hospital Playlist,"The stories of people going through their days that are seemingly ordinary but actually special, at the hospital, a place known as the microcosm of life, where someone is being born and someone's life meets their ending. The five doctors are long-time friends of 20 years who started their undergrad in 1999 in the same medical school and now are colleagues in the same hospital and have a band together.","Friendship,  Romance,  Life,  Medical ",https://image.tmdb.org/t/p/original/wJJJZf9HKMfwQGusC0pHUJ7TeH5.jpg
Hospital Playlist 2,"Everyday is extraordinary for five doctors and their patients inside a hospital, where birth, death and everything in between coexist.","Friendship,  Romance,  Life,  Medical ",https://i.mydramalist.com/dKY0d_4f.jpg
My Mister,"Park Dong Hoon is a middle-aged engineer who is married to attorney Kang Yoon Hee. However, his life is not that happy as he has two unemployed brothers, Sang Hoon and Gi Hoon, who rely on him. Moreover, his wife is secretly having an affair with CEO Do Joon Yeong, his current boss and college junior.","Psychological,  Life,  Drama,  Family ",https://m.media-amazon.com/images/M/MV5BZjkzNmY1OGItNGE0Ny00YjU4LWFkMmUtM2FhMTE4NTI1NzFlXkEyXkFqcGc@._V1_.jpg
Reply 1988,"Five childhood friends, who all live in the same Ssangmundong neighborhood of Seoul, lean on each other to survive their challenging teen years and set a path for their futures. Sung Deok Sun struggles for attention as the middle child in her poor family while also carrying the burden of her 999th ranking in school. Kim Jung Hwan only has a one-track mind for soccer, even after his family becomes rich overnight. Sung Sun Woo is the perfect student, student council president and a caring and dependable son in his family. Ryu Dong Ryong is a geek who knows more about girls and life than the rest of his friends, but his poor academic score prevents him from being able to go to college. Choi Taek is a genius baduk player who dropped out of school to go professional. As the group of friends gets into and out of mischief around the neighborhood, what experiences from these memorable times together will they carry with them into their future lives? Edit Translation  English Русский Ελληνικά Italiano","Comedy,  Romance,  Youth,  Family ",https://m.media-amazon.com/images/M/MV5BYjhjYjg1MTYtYjNhYy00YjU2LTliZmEtMWRmZDhjODdkOTE0XkEyXkFqcGc@._V1_FMjpg_UX1000_.jpg
Weak Hero Class 1,"Yeon Shi Eun is a model student who ranks at the top of his high school. Physically, Yeon Shi Eun appears weak, but by using his wits and psychology, he fights against the violence that takes place inside and outside of his school.","Action, Youth, Drama
",https://m.media-amazon.com/images/M/MV5BNTk4YmVjOGQtM2ZiMC00ZWE2LTg2ZGQtYzk2NjNmMWYzOWU4XkEyXkFqcGc@._V1_.jpg
Prison Playbook,"Kim Je Hyuk, a famous baseball player, is arrested after using excessive force while chasing a man trying to sexually assault his sister. Shockingly to him and the rest of the nation, he is sentenced to a year in prison. There, he meets his childhood friend and fellow baseball player, Lee Joon Ho, who gave up on baseball after a car accident, but now is a prison guard and one of Je Hyuk's biggest fans. The drama revolves around Je Hyuk's time in prison, as well as the prisoners he meets and events that take place there.","Comedy,  Crime,  Life,  Drama ",https://m.media-amazon.com/images/M/MV5BZDY0NzM1YTAtNDQ0NC00YTI1LTg5NzctMzcwNDMzOGEzODVmXkEyXkFqcGc@._V1_FMjpg_UX1000_.jpg
Alchemy of Souls,"Set in a fictional country called Daeho that does not exist in history or on maps, it is about the love and growth of young mages as they overcome their twisted fates due to a forbidden magic spell known as the ""alchemy of souls"", which allows souls to switch bodies. It follows the story of an elite assassin named Naksu, whose soul is accidentally trapped inside the weak body of Mu Deok—Jang Uk's servant from a powerful and noble mage family in the country. The young master of the Jang Family, Jang Uk, holds a dark secret about his scandalous birth. He wants the formidable assassin to help change his destiny.","Action, Historical, Romance, Fantasy ",https://m.media-amazon.com/images/M/MV5BOGFhNGQzMWUtZWJhNi00NGZiLTg1MjEtMTQzZmU4Njg2MWRhXkEyXkFqcGc@._V1_.jpg
Extraordinary Attorney Woo,"Diagnosed with autism spectrum disorder, 27-year-old Woo Young Woo graduated at the top of her class from the prestigious Seoul National University for both college and law school due to her high IQ of 164, impressive memory, and creative thought process. Working as a lawyer, she finds herself struggling when it comes to social interactions.","Law, Romance, Life, Drama ",https://m.media-amazon.com/images/M/MV5BMWQwYmQyNTctNGNkYy00YWMyLTllNmQtN2M3MWVjMTQxYjQ2XkEyXkFqcGc@._V1_.jpg
Mr. Queen,"Jang Bong Hwan is a South Korean chef who has risen up the ranks to cook for the country’s top politicians in the Blue House’s presidential residences. After a serious accident, he finds himself in the body of the young queen, Kim So Yong, when whisked away to an era deep in Korea’s past.","Historical,  Mystery,  Comedy,  Romance ",https://m.media-amazon.com/images/M/MV5BMmMzZDdjMjktMjY0MS00ODk2LTgxZmEtZTlkYmI0YTQ3MzQ5XkEyXkFqcGc@._V1_.jpg
Mother,"Realizing one of her students is being abused, school teacher and bird researcher Soo Jin impulsively kidnaps the girl and acts as a substitute mother in an attempt to take care of her.","Thriller,  Mystery,  Psychological,  Melodrama ",https://m.media-amazon.com/images/M/MV5BMzkyNjVmMGMtN2QwMy00NzZhLTg4NDctYzYyOGJjY2UyNWFjXkEyXkFqcGc@._V1_FMjpg_UX1000_.jpg
It's Okay to Not Be Okay,"Moon Gang Tae is a community health worker at a psychiatric ward who was blessed with everything including a great body, smarts, ability to sympathize with others, patience, ability to react quickly, stamina, and more. Meanwhile, Ko Moon Young is a popular writer of children’s literature who, due to suffering from an antisocial personality disorder, seems extremely selfish, arrogant, and rude.","Psychological,  Comedy,  Romance,  Drama ",https://upload.wikimedia.org/wikipedia/en/5/58/It%27s_Okay_to_Not_Be_Okay_Poster.jpg
Crash Landing on You,"After getting into a paragliding accident, South Korean heiress Yoon Se Ri crash lands in North Korea. There, she meets North Korean army officer Ri Jung Hyuk, who agrees to help her return to South Korea. Despite the tension between their countries, the two of them start falling for one another.","Military,  Comedy,  Romance,  Political ",https://m.media-amazon.com/images/M/MV5BZjM3ZGQ4ZTMtOTNjMS00NmJlLTljMWUtNWExMzJhMGJlMWNiXkEyXkFqcGc@._V1_.jpg
Vincenzo,"At the age of eight, Park Joo Hyeong went to Italy after being adopted. Now an adult, he is known as Vincenzo Cassano to the Mafia, who employ him as a consigliere. Because mafia factions are at war with each other, he flees to South Korea, where he gets involved with Lawyer Hong Cha Young. She is the type of attorney who will do anything to win a case. Now back at his motherland, he gives an unrivaled conglomerate a taste of its own medicine with a side of justice.","Comedy,  Law,  Crime,  Drama ",https://m.media-amazon.com/images/M/MV5BNjA1YmJiNTMtMDc4OC00ZjlkLTgyMjctYzRmMWJhMmZhMjkyXkEyXkFqcGc@._V1_.jpg
Navillera,A 70-year-old with a dream and a 23-year-old with a gift lift each other out of harsh realities and rise to the challenge of becoming ballerinos.,"Friendship,  Life,  Drama,  Family ",https://m.media-amazon.com/images/M/MV5BMWUyMmUyNjMtNWE5Zi00N2EwLWE1Y2EtNWFhNzI4OWZiM2M5XkEyXkFqcGc@._V1_.jpg
Signal,"Fifteen years ago, a young girl was kidnapped on the way from school, and Park Hae Yeong, who was an elementary school student at that time, witnessed the crime. A few days later, the girl was found dead, and the police were not able to find the culprit. As time went by, Hae Yeong started distrusting the police. ","Thriller,  Mystery,  Sci-Fi ",https://images.justwatch.com/poster/172653447/s718/signal.jpg
Mr. Sunshine,"Mr. Sunshine centers on a young boy born into a house servant's family and travels to the United States during the 1871 Shinmiyangyo (U.S. expedition to Korea). He returns to his homeland later as a U.S. marine officer. He meets and falls in love with an aristocrat’s daughter. At the same time, he discovers a plot by foreign forces to colonize Korea.  Edit Translation  English 한국어 中文(简体) Русский","Military,  Historical,  Romance,  Melodrama ",https://m.media-amazon.com/images/M/MV5BNDNhNzMxNzgtMzY2OS00NTE2LWI1ZjUtNjBhYjgwYThjZWI3XkEyXkFqcGc@._V1_FMjpg_UX1000_.jpg
Happiness,A deadly new strain of a virus is spreading throughout the city. An apartment building that is home to people from different classes remains in quarantine. Its residents must survive in their new habitat fearing both the virus and the potential conflicts between disparate social groups.,"Action,  Thriller,  Drama,  Fantasy ",https://encrypted-tbn0.gstatic.com/images?q=tbn:ANd9GcQyJVyzUigk8Q4LfOnN1Z7eEVeMmFdA-wpFEg&s
Kingdom: Season 2,"Following the events in season one, waves of the undead threaten to reach the capital. In an attempt to save the people during the plague and regain his right to the throne, Crown Prince Lee Chang pursues Jo Hak Joo to overthrow him, while the Queen is in a race against time to produce an heir to the throne. ","Thriller,  Historical,  Horror,  Supernatural ",https://m.media-amazon.com/images/M/MV5BYWQyMDQyYzItYWFhNi00YmViLTkwZTctY2M2NjEyNDJmNGQ5XkEyXkFqcGc@._V1_FMjpg_UX1000_.jpg
SKY Castle,"Han Seo Jin, Noh Seung Hye, Jin Jin Hee, and Lee Myung Joo all live with their families in SKY Castle, a luxury private neighborhood hosting wealthy doctors and professors. All of the women wish for their children to enter prestigious universities and are actively supporting their education.","Mystery,  Psychological,  Drama,  Family ",https://i.pinimg.com/550x/fc/2c/e9/fc2ce9ef4bda883afbfe92bc15b64604.jpg
Tomorrow,"Choi Joon Woong seeks a job, but it's hard for him to get hired. One night, he witnesses a man trying to end his life and decides to stop him. He gets acquainted with grim reapers Koo Ryeon and Im Ryoong Gu, who belong to a crisis management team. Their purpose is to prevent people from committing suicide. After Joon Woong ends up in a coma and becomes half-human and half-spirit, he is employed by a company of grim reapers as the newest member of the crisis management team.","Action, Thriller, Drama, Fantasy ",https://m.media-amazon.com/images/M/MV5BZWI1ZjQxNzktYzVmYy00MTJjLTgzMGQtMzZlZjdiYWIyNzU3XkEyXkFqcGc@._V1_.jpg
Healer,"Seo Jung Hoo is a special kind of night courier, known only as ""Healer"" by his clients. For the right price and with the help of a genius hacker, he gets his clients whatever they want, as long as it doesn't involve murder. His latest job leads him to a second-rate tabloid writer, Chae Young Shin, and the successful reporter, Kim Moon Ho. He begins to uncover the mystery of his own shared past with the two reporters, thus putting them all in danger. Edit Translation  English Русский Ελληνικά Italiano","Action,  Thriller,  Mystery,  Romance ",https://m.media-amazon.com/images/M/MV5BMTg5Y2VjYzAtOGE4OC00MWU1LWI1YzktZWY1ZGEwMDVjODY1XkEyXkFqcGc@._V1_.jpg
Stranger,"Hwang Shi Mok underwent brain surgery as a child to curb his violent temper, which left him devoid of emotions.  Hwang becomes a prosecutor known for his piercing intelligence and logic, but he is ostracized because he lacks empathy and social skills. He is also one of only a handful of upright prosecutors who have refused to take bribes. One day, he encounters a stabbing victim while investigating corruption. He meets Lieutenant Han Yeo Jin at the crime scene. They join forces to root out corruption at the prosecutors’ office and solve a serial murder case.","Thriller,  Mystery,  Law,  Drama ",https://image.tmdb.org/t/p/original/5koa7776PMgUNif6WlvUe4HwwFu.jpg
Twenty-Five Twenty-One,"In a time when dreams seem out of reach, a teen fencer pursues big ambitions and meets a hardworking young man who seeks to rebuild his life. Na Hee Do is a member of her high school fencing team. Due to the South Korean financial crisis, the high school fencing team gets disbanded. Getting through all the difficulties, she becomes a member of the national fencing team. The South Korean financial crisis also causes Baek Yi Jin’s father's business to go bankrupt. This leads to a life change for Baek Yi Jin, from living the life of a wealthy person to a poor person. While studying, he works part-time jobs like delivering newspapers. Later, he becomes a sports reporter for a broadcasting network.","Romance, Life, Drama, Melodrama ",https://m.media-amazon.com/images/M/MV5BYTdjZWExZmMtZTY0Yy00N2U3LTkyYmYtMGNjZjUyZTM0Njg0XkEyXkFqcGc@._V1_.jpg
The Red Sleeve,"In Korea during the second half of the 1700s, Yi San is an aloof and perfection-loving young prince. His father’s killing haunts him, although it leaves him in the position to take the throne once his grandfather – the cruel and ruthless current king responsible for Yi San’s father’s death – dies. He has resolved to become a benevolent monarch who will reform the law when he eventually takes the throne, but the way his father was killed has scarred him emotionally. At court, he meets a young woman named Sung Deok Im. Yi San falls in love with her and tries to convince her to become his official concubine. But Sung Deok Im is strong-willed and free-spirited. She is also intelligent enough to understand that becoming a royal consort to the future king is a prestigious role, but one that would restrict her freedom and likely bring her little in the way of joy. But Yi San’s love for Sung Deok Im is true, and she starts to understand that forming a union with him could ultimately benefit his troubled realm.","Historical, Romance, Drama, Melodrama ",https://image.tmdb.org/t/p/original/1AZK2bnsmu5PIbkfxFkKbrjf5Oo.jpg
Goblin,"Kim Shin was once an unbeatable general in Goryeo's military who died a tragic death. He now possesses immortality but is tired of living while everyone else around him dies. For 900 years, Kim Shin has searched for his bride, a mortal who can pull out the sword and end his life. One day, he encounters Ji Eun Tak, a positive, upbeat high school student who can see the dead and has gone through tragic events, yet still stays strong. She claims to be the Goblin's bride who can end his immortal life, but what appears to be an easy task, only gets complicated, as the two fall in love.","Comedy,  Romance,  Fantasy,  Melodrama ",https://miro.medium.com/v2/resize:fit:736/1*4FaGGN4RGH3Q3CuMnikunA.jpeg
The Uncanny Counter,Tells the story of demon hunters called Counters who come to earth under the guise of being employees at a noodle restaurant in order to capture evil spirits that have returned to earth in pursuit of eternal life.,"Action,  Mystery,  Drama,  Supernatural ",https://m.media-amazon.com/images/M/MV5BMWE5NGQ5YmUtZGU1Ny00ZDM3LWIyZGMtZWI0YWRkZTM0Y2I4XkEyXkFqcGc@._V1_.jpg
Mouse,"A suspenseful story that asks the key question, “What if we could identify psychopaths in advance?” A crazed serial killer’s ruthless murders have left the entire nation gripped with fear, and chaos reigns. Justice-seeking rookie police officer, Jung Ba Reum, comes face to face with the killer. While he survives his dangerous encounter with the psychopath, Jung Ba Reum finds his life completely changing before his eyes.","Thriller,  Mystery,  Sci-Fi ",https://m.media-amazon.com/images/M/MV5BZWI4ODMxYWEtYzU0Zi00ZGViLWJkNjItZWEyZDcyODNiY2RkXkEyXkFqcGc@._V1_.jpg
Kingdom,"No sooner does the Joseon King succumb to smallpox, do the rumors of his death begin. The Cho Clan, the clan of the pregnant Queen and her father, Chief State Councillor Cho Hak Joo, declares the Crown Prince a traitor.","Thriller,  Historical,  Horror,  Political ",https://image.tmdb.org/t/p/original/E9qzsLdX0lxSsLOYnf1d1MOwXn.jpg
Weightlifting Fairy Kim Bok Joo,"Bok Joo is a weightlifter who is pursuing her dream of winning the gold medal but she then finds romance for the first time in her life. While she is a woman who trains with heavy steel weights, she is also very feminine when it comes to relationships. Focusing solely on weightlifting would jeopardize her relationship but leaving her weightlifting career for love would keep her from attaining her dreams. Can she find a way to have love as well as glory at the age of 20? The characters within this drama are elite athletes in weightlifting, swimming and rhythmic gymnastics who work hard to reach their goals in life. It covers their coming-of-age stories and relationships through hectic life.","Comedy,  Romance,  Youth,  Sports ",https://i.pinimg.com/736x/7d/f3/ce/7df3cee8ec8aefd226ac073bf1de942e.jpg
D.P.,"Private soldier Jun Ho is a confused youth who served in the military normally like other Koreans. One day, he suddenly becomes a member of the military defector arrest team. As such, he is tasked with capturing deserters and must grapple with the more troubling cases of why some soldiers feel they have no other choice but go absent without official leave.","Action,  Military,  Comedy,  Drama ",https://m.media-amazon.com/images/M/MV5BNGFlY2Y1OGUtM2ZlZi00Mjc0LTg2ZGItNWJiODQxY2JhZTg1XkEyXkFqcGc@._V1_.jpg
The Devil Judge,"Set in a dystopian version of present-day Korea where daily life is chaos and society has collapsed to the point that people openly voice their distrust and hatred for their leaders. In this world bereft of law and order, Head Trial Judge Kang signals the need for change. His courtroom is the subject of a reality show where he mercilessly punishes the guilty, earning him the ""Devil Judge"" nickname. As a divisive figure with an aura of mystery that belies his true identity and ambitions, the public is unsure whether he is a true hero or someone, knowingly sowing the seeds of discontent in his courtroom. ","Mystery,  Law,  Crime,  Drama ",https://m.media-amazon.com/images/M/MV5BZmU5ZDZhMTktOTAzZC00NTk1LWIyZWQtMTBjMTBiOGJkYWMxXkEyXkFqcGc@._V1_.jpg
The Penthouse,"The residents of Hera Palace, a luxury penthouse apartment with 100 floors, have many secrets and hidden ambitions. Sim Su Ryeon, who was born into wealth, is the queen of the penthouse apartment. Cheon Seo Jin, the prima donna of the residence, does all she can to give everything to her daughter. Oh Yoon Hee comes from a poor family background, but she strives to enter high society by becoming the queen of the penthouse, the pinnacle of success in her eyes. A battle for wealth, power, and prestige at Seoul’s most coveted penthouse begins.","Thriller,  Mystery,  Drama,  Family ",https://i.pinimg.com/736x/65/ec/b0/65ecb0818280abfd27e9c7bcf1a8e9b5.jpg
Youth of May,"Hee Tae becomes the pride of Gwangju when he enters Seoul National University College of Medicine with top marks. His best friend Kyung Soo, an avid pro-democracy activist, insists that they open an illegal clinic for students on the run from the government. One day, a factory worker is injured during a protest. In exchange for the costs of discreetly transporting himself and the factory worker to his hometown, Hee Tae must go to a meeting with a potential marriage partner arranged by his father. At this meeting, Hee Tae meets Myung Hee, a nurse persevering through the hardships of life. She only agrees to go to this meeting in place of her friend Soo Ryeon, because she needs to come up with the airfare to go study in Germany. However, Myung Hee and Hee Tae end up falling in love. In May of 1980, amidst the heated passion and cries for democracy that reverberated throughout Gwangju, Hee Tae and Myung Hee find themselves in a twist of fate.","Historical,  Romance,  Drama,  Melodrama ",https://media.themoviedb.org/t/p/w500/xf1JGvmWM1H5XoK8DvxXRAKjRkr.jpg
Taxi Driver,"Do Gi has lived more honestly than anyone else as an officer in the Special Forces. Yet, when a serial killer murders his mother, he spends his days in agony. While feeling wronged and broken, Do Gi meets Jang Sung Chul, who recruits Do Gi to work for his company, Rainbow Taxi. Far from an ordinary taxi service, Rainbow Taxi is a secret organization that avenges victims whom the law didn’t protect. Here, Do Gi becomes a star driver who delivers satisfying revenge. Meanwhile, Ha Na is a prosecutor who investigates Rainbow Taxi. She is furious with their lawless behavior, but at the same time, she feels confused to see them solve cases that the law cannot. Between those who believe that revenge embodies true justice and those who pursue the outlaws, Do Gi seeks what justice truly means.","Action,  Thriller,  Mystery,  Drama ",https://m.media-amazon.com/images/M/MV5BMGM1NmE1OTktZjQ1Ny00N2I0LWI1NTktYTFmMjJkODVmNWM4XkEyXkFqcGc@._V1_.jpg
Life on Mars,"As leader of a crime investigation team, Han Tae Joo has propelled his career and risen through the ranks by trusting data over all else. One day, while investigating a serial murder case, he has an accident. When he wakes up, he suddenly finds himself in the winter of 1988. He doesn't know why, but he's now a detective appointed to work at a police station in a small city. To get back to the present day, Han Tae Joo tries to solve the case.","Action,  Mystery,  Comedy,  Supernatural ",https://m.media-amazon.com/images/M/MV5BYzdkZmI5YWMtZjllZS00ZDRmLWEzNTItYmYyOGYzZDE0YjBmXkEyXkFqcGc@._V1_FMjpg_UX1000_.jpg
Beyond Evil,Meet the two fearless men willing to go to extreme lengths in their pursuit of a serial killer that has shaken up their quiet city:,"Thriller,  Mystery,  Psychological,  Drama ",https://m.media-amazon.com/images/M/MV5BMjY0NmE0YzktMzAwYy00OWJhLThkYjMtZTM1YjkzMDFkMjQ2XkEyXkFqcGc@._V1_.jpg
Racket Boys,"A story of a boys' badminton team at a middle school in Haenam as they grow, both as people and as players.","Friendship,  Comedy,  Youth,  Sports ",https://image.tmdb.org/t/p/original/ofXLNr9Nmkicdz1UxLtzAv5ABHR.jpg
Hometown Cha-Cha-Cha,Hometown Cha-Cha-Cha is a love story set in the seaside village of Gongjin.,"Comedy,  Romance,  Life ",https://m.media-amazon.com/images/M/MV5BNDFkYmM3MGMtYWIwNC00ZDkxLWFjZjItYmQ4NTdiZWNjMzczXkEyXkFqcGc@._V1_.jpg
Six Flying Dragons,"A fiction historical drama about the ambition, rise and fall of real and fictional characters based around Yi Bang Won.","Action,  Historical,  Drama,  Political ",https://m.media-amazon.com/images/M/MV5BZDc3OTBkMGYtZWFjNy00ZjBlLTgzOTYtNGY1ODYwM2FjYzM2XkEyXkFqcGc@._V1_.jpg
Our Beloved Summer,"Years after filming a viral documentary in high school, two bickering ex-lovers get pulled back in front of the camera — and into each other's lives. Choi Woong seems naive and a free-spirited man, but he wants to have something for the first time in his life. For that, he shows what he holds in his mind. Kook Yeon Soo aimed to become the top student at her school, but she is now an adult who lives fiercely, adapting to her reality.","Romance, Life, Youth, Drama ",https://m.media-amazon.com/images/M/MV5BOTAwZTQ0ZGYtOGFhNi00YWQ2LTliOTQtZTNhZDJjNzMxZDdmXkEyXkFqcGc@._V1_FMjpg_UX1000_.jpg
The Guest,"Yoon Hwa Pyung, a young psychic born into a shaman family, learns about the powerful demon called ""Son"" (Guest). The demon has the power to control other demons and allows them to possess weak people. The possessed people then go mad, kill their families, and stab themselves in the eye. Fatefully, Hwa Pyung, Choi Yoon; a young boy born in a religious Catholic family, and Kang Kil Yeong; the daughter of a detective, meet when their families are killed by a demon.","Thriller,  Mystery,  Horror,  Supernatural ",https://upload.wikimedia.org/wikipedia/en/thumb/6/6d/The_Guest_%28TV_Series%29.jpg/220px-The_Guest_%28TV_Series%29.jpg
Dear My Friends,"Park Wan is a translator who is constantly pulled by her mother, Jang Nan Hee, to hang out with her elder friends, Jo Hee Ja, Moon Jung Ah, Oh Choong Nam, and Lee Yeong Won. The plot revolves around the friends' twilight years as they are rediscovering themselves through relationships and family, the struggles they face due to their old age, and their life journey that they share with  Park Wan in the hope she would write a novel about them.","Life,  Drama,  Family,  Melodrama ",https://upload.wikimedia.org/wikipedia/en/5/59/Dear_My_Friends_poster.jpeg
While You Were Sleeping,A young woman with bad premonition dreams meets two people who suddenly develop the same ability.,"Mystery,  Romance,  Drama,  Fantasy ",https://i.pinimg.com/736x/6b/c6/8e/6bc68eb0f60915803247ceb58686001f.jpg
The Penthouse 2,"After successfully framing Oh Yoon Hee, Cheon Seo Jin and Joo Dan Tae decided to get married. Their engagement party is interrupted by Oh Yoon Hee and Ha Yoon Cheol, who has just come back from the United States. As the secrets unveil, the relationships among the people at Hera Palace are entangled, yet another mysterious figure appears and confronts them.","Thriller,  Mystery,  Drama,  Family ",https://i.mydramalist.com/670YW_4f.jpg
Chicago Typewriter,This drama follows the lives of two men and a woman through two eras: one during the 1930s Japanese occupation of Korea and the other in the 21st century. The three main characters are,"Comedy,  Romance,  Supernatural,  Political ",https://m.media-amazon.com/images/M/MV5BZDczNzg5NGQtM2Q1OS00N2Q2LWE5MTItMWI5MDY2YzM0MzAxXkEyXkFqcGc@._V1_.jpg
18 Again,"After nearly twenty years of marriage, Jung Da Jung and Hong Dae Young seem to be well settled in their domestic lives. The proud parents of a pair of eighteen year old twins, the devoted couple have worked hard to build a happy home together. But what seems like an ideal life on the outside is really anything but. Fed up with Dae Young’s incessant nonsense, Da Jung is at her wits’ end. When Dae Young announces that he’s been fired, Da Jung gives up completely. Convinced life would be better without her husband in it, Da Jung wastes no time in filing for divorce.","Romance,  Life,  Drama,  Fantasy ",https://m.media-amazon.com/images/M/MV5BNWZkYzk0YWEtZjE5ZC00MDFjLTg5M2MtNjVmNjUzZGU0OTIyXkEyXkFqcGc@._V1_.jpg
Arthdal Chronicles Part 2,"Ta Gon has now become the most powerful man in Arthdal. He has an affectionate relationship only with Taealha, the daughter of the rival Hae Tribe, because of their shared ambitions.","Historical,  Romance,  Fantasy,  Political ",https://i.mydramalist.com/4e5YE6_4f.jpg
Arthdal Chronicles Part 3,"Following Part I & II, Ta Gon has gotten what he wants as he sits atop his throne. However, now his life and throne are threatened when Eun Seom begins to gather power among the slaves and peasants of Arth as he starts to fight back against the elite. Although Ta Gon has so far kept his half-Neanthal heritage a secret from the world, his eyes shine purple, preparing to go all out in fighting Eun Seom.","Historical,  Romance,  Fantasy,  Political ",https://0.soompi.io/wp-content/uploads/2019/05/19194921/Arthdal-Chronicles-1.jpg
Through the Darkness,"Back in the 1990s, the citizens of Seoul were gripped with a paralyzing fear after a series of brutal attacks and murders occurred. A mysterious figure dubbed ‘Red Cap’ was stalking women on the streets then killing his prey, seemingly without provocation. His habit of striking at random made it impossible for the detectives to predict his next move. At the top of their minds is what could be triggering him. Aware of the American F.B.I. and its successful use of criminal profilers to identify serial killers, the head of the Criminal Behavioral Analysis team, Gook Young Soo recruits Song Ha Young, a quiet, reserved, incredibly perceptive former detective for his team. Gook believes using this new psychological method will give the police an edge in capturing 'Red Cap' and ending his killing spree. Homicide expert Yoon Tae Goo and her officers question the value of this approach and are resistant to entering such uncharted territory. To quell their scorn they need to convince that this radical crime-fighting approach will increase their arrest rates. Does Song Ha Young have the ability to gain the trust of callous criminals while seeing through them? Is he clever enough to outwit them?  But more importantly, does he possess the emotional fortitude to withstand the process?","Thriller, Mystery, Crime, Drama ",https://media.themoviedb.org/t/p/w500/8sJW1IHZ4FQnHeE4cJIbR18L7If.jpg
Dr. Romantic 2,"A “real doctor” story set in a small, humble hospital called Doldam Hospital. It is a story about people who meet Kim Sa Bu, a genius doctor, and discover “real romance.”","Romance,  Drama,  Medical,  Melodrama ",https://i.mydramalist.com/d02LlA_4f.jpg
Defendant,"Park Jung Woo is a prosecutor at Seoul Central District Prosecutors’ Office. One day, he wakes up and finds himself a convict on death row. Suffering from temporary amnesia, Jung Woo has no idea what transpired to land him in prison. He struggles to recover his memory and clear his name before his time is up.  Edit Translation  English Русский Português Tiếng Việt","Thriller,  Mystery,  Law,  Drama ",https://image.tmdb.org/t/p/original/cAZRHDmTVJKN2TK7Zf21bZD6zDx.jpg
Our Blues,"""Our Blues"" takes on an omnibus-style drama, which tells the story of diverse characters that are somewhat interconnected, in one way or the other. Lee Dong Suk, a guy born on the beautiful island of Jeju, selling goods from the mainland in his truck for a living. He meets Min Sun Ah, a girl with a mysterious past, who has come to Jeju to escape that life. Park Jung Joon, a ship captain, falls in love with Lee Young Ok, a diver with a bright and bubbly personality. Jung Eun Hee, a fish shop owner, reunites with her past lover Choi Han Soo. They cross paths in Jeju Island when he returns back, after realizing that city life is not for him.","Romance, Life, Drama, Melodrama",https://m.media-amazon.com/images/M/MV5BMDUwY2ZkMGYtMTJlMi00MTg0LWJiNGItYzI5YmE3Y2UxYzBiXkEyXkFqcGc@._V1_FMjpg_UX1000_.jpg
Sweet Home,"Following the death of his family in an accident, loner Cha Hyun Soo moves to a new apartment. His quiet life is soon disturbed by strange incidents that start occurring in his apartment, and throughout Korea. As people start to turn into monsters, Hyun Soo and the other residents try to survive.","Horror,  Drama,  Sci-Fi,  Supernatural ",https://i.pinimg.com/736x/0a/fa/84/0afa84b6393d82d8c7ee6f9f1a08173f.jpg
"Kill Me, Heal Me","A traumatic childhood experience leaves Cha Do Hyeon, suffering from memory loss and dissociation. The latter has resulted in the creation of seven distinct personalities. Wanting to regain control over his life, he asks Oh Ri Jin, a first-year psychiatric resident, to help him, but she eventually falls in love with one of his personalities. Ri Jin’s twin brother, Oh Ri On, a famous mystery novelist, investigates Do Hyeon and his family. (Source: MyDramaList) Edit Translation  English Русский Türkçe Português","Psychological,  Comedy,  Romance,  Drama ",https://m.media-amazon.com/images/M/MV5BNmI3YmVlOWUtZWE1OS00YmE0LWJkOTQtZDAzY2I2MzM0ZmJkXkEyXkFqcGc@._V1_.jpg
Moon Lovers,"When a total eclipse of the sun takes place, Go Ha Jin is transported back in time to the start of the Goryeo Dynasty of Korea during King Taejo's rule. She wakes up in the body of the 16-year-old Hae Soo and finds herself living in the house of the 8th Prince Wang Wook, who is married to Hae Soo's cousin. She soon befriends several of the princes and meets the ostracized 4th Prince, Wang So. Although knowing she should not get involved in palace intrigues over the succession to the throne, she inadvertently becomes a pawn in the struggle, as several of the Princes fall in love with her. ","Historical,  Romance,  Melodrama ",https://m.media-amazon.com/images/M/MV5BZTRlOTc3ZTItMzE3MC00MTExLTg4OWMtNmFiMTAwYTM5ZjMzXkEyXkFqcGc@._V1_.jpg
A Business Proposal,"Shin Ha Ri is a single woman and works for a company. She has a male friend, who she has had a crush on for a long time, but she learns he has a girlfriend. Shin Ha Ri feels sad and decides to meet her friend Jin Young Seo, who is a daughter of a chaebol family. Jin Young Seo then asks Shin Ha Ri to take her place in a blind date and even offers some money for her time. Shin Ha Ri accepts her friend's offer. She goes out on the blind date as Jin Young Seo, while having the intention to get rejected by her date. When she sees her blind date, Shin Ha Ri is dumbfounded. Her blind date is Kang Tae Mu. He is the CEO of the company where she works. Kang Tae Mu is the CEO of a company that his grandfather founded. One day, his grandfather informed him of an upcoming blind date that he set up for him. Kang Tae Mu is a workaholic and he is annoyed that his grandfather sets up blind dates for him. He decides to marry the next woman whom he meets at a blind date, so he won't be disturbed from his work anymore. That woman is Shin Ha Ri, but pretending to be Jin Young Seo. On the following day, Shin Ha Ri receives a phone call from Kang Tae Mu. He asks her to marry him.","Comedy, Romance, Drama",https://m.media-amazon.com/images/M/MV5BYWM2NTM4MTktNDFiNi00NTI3LThiZTgtZmJiZTQ2NzdhNDE3XkEyXkFqcGc@._V1_FMjpg_UX1000_.jpg
Misaeng,"Jang Geu Rae has played the game of Go since he was a child. When his plans of becoming a professional Go player fail, the down-and-out Geu Rae is forced to take an office job as an intern set up for him by an acquaintance’s recommendation for him to a large company called One International.","Friendship,  Business,  Life,  Drama ",https://i.pinimg.com/564x/9a/52/82/9a52822d62c8a7f45b84f57c529382ff.jpg
Strong Woman Do Bong Soon,"Do Bong Soon is a petite, unemployed woman who is honest and kind. She appears little and sweet on the outside, but she is in fact very, very strong. For generations in her family, the women have been gifted Herculean strength to use for the greater good. If abused, however, their power will be taken away.","Action,  Thriller,  Comedy,  Romance,  Drama,  Supernatural ",https://m.media-amazon.com/images/M/MV5BZTliMWVjYmYtNmQ2My00Y2UxLWJiZjQtNTg1OTk0OGE0M2IzXkEyXkFqcGc@._V1_FMjpg_UX1000_.jpg
The Fiery Priest,Kim Hae Il is a Catholic priest. He makes spiteful remarks and he can be rude to others. Koo Dae Young is a detective. He talks a lot and he is also timid. Park Kyung Sun is a prosecutor. She is smart and beautiful. She is also ambitious as a prosecutor and good at her job.,"Action,  Mystery,  Comedy,  Crime ",https://m.media-amazon.com/images/M/MV5BZGM4NGM1MzItOWYwYy00ZTllLWJkYjctY2NjY2Y5OGM4NzdkXkEyXkFqcGc@._V1_FMjpg_UX1000_.jpg
My Name,"Following her father's murder, a revenge-driven woman puts her trust in a powerful crime boss — and enters the police force under his direction.","Action,  Thriller,  Crime ",https://m.media-amazon.com/images/M/MV5BN2ZiZWU3MzMtNGM5OC00ZWVkLTkxNjUtMTYwZGU4MzgxYzk0XkEyXkFqcGc@._V1_.jpg
Hotel del Luna,"Nestled deep in the heart of Seoul’s thriving downtown sits a curious hotel, the like of which no one has ever seen before. Old beyond measure, the building has stood for millennia, an ever-present testament to the fact that things are not always what they seem. Running this hotel is Jang Man Wol, a greedy, suspicious soul who has spent the past thousand years acting as the establishment’s CEO. Bound to the hotel by a deity who keeps her there to save her from going berserk and self-destruction with rage, hatred and thirst for revenge. Her only hope of escape is if she could let go of her resentment and hatred, and find love. Trapped in her resentment for a betrayal, Man Wol is doomed to spend all of the eternity running this odd establishment, catering to the needs of the most peculiar clientele. ","Horror,  Comedy,  Romance,  Fantasy ",https://m.media-amazon.com/images/M/MV5BYmFjNGI1YjUtOGRjYS00ZTgwLWFkNTgtYmQ3YWY4MzYwYjk5XkEyXkFqcGc@._V1_FMjpg_UX1000_.jpg
Hot Stove League,"About the preparation period of a major league baseball team. The drama focuses on a loser team that prepares for an extraordinary season upon the arrival of their new general manager, and each episode will focus on a problem they have as they prepare to become a stronger team.","Drama,  Sports,  Melodrama ",https://m.media-amazon.com/images/M/MV5BMDY1OWVkNWItMGU3ZS00ODVmLWFmNGEtMjM4N2Y1Zjg1YzM1XkEyXkFqcGc@._V1_.jpg
Dr. Romantic,"Kim Sa Bu was once a famous surgeon at the peak of his career at a major hospital. But he suddenly gives it all up one day to live in seclusion and work as a neighborhood doctor in a small town. He now goes by “Teacher Kim” and refers to himself as the “Romantic Doctor”. Meanwhile, Kang Dong Joo became a doctor to make something of himself after growing up poor, and he seeks out VIP patients to achieve the success that he desperately wants. Yoon Seo Jung is a passionate young surgeon who is haunted by a mistake from her past and tries to get over it. When Dong Joo and Seo Jung meet the quirky Teacher Kim, their lives and careers will never be the same again. Edit Translation  English Español Français Italiano","Romance,  Drama,  Medical ",https://m.media-amazon.com/images/M/MV5BM2FlMDI4YzQtMzhhZi00N2Y5LTg2NDgtZjllNzI2YjdmMmI5XkEyXkFqcGc@._V1_.jpg
Descendants of the Sun,A love story that develops between a surgeon and a special forces officer.,"Action,  Comedy,  Romance,  Melodrama ",https://m.media-amazon.com/images/M/MV5BYTQ3MWI2MjEtM2Q3NS00YjU4LWFkZGItNDA0OTc2NjcwZWY3XkEyXkFqcGc@._V1_.jpg
Law School,"When a grim incident occurs at their prestigious school, justice through law is put to the test by a tough law professor and his ambitious students.","Mystery,  Law,  Crime,  Drama ",https://i.mydramalist.com/Xk2Dg_4f.jpg
Strangers from Hell,"Yoon Jong Woo is a young guy in his 20s who moves from the countryside to Seoul after his college friend, Jae Ho, offers him a job. While looking for a place to live, he stumbles upon Eden Gosiwon, a cheap hostel that shares the kitchen and bathroom with other residents. He is not thrilled about the quality of the place or the other abnormal residents, such as his next-door neighbor Seo Moon Jo, a charismatic dentist. Nevertheless, Jong Woo decides to put up with it for 6 months until he saves enough money to move out. However, mysterious events start occurring in the apartment, causing Jong Woo to begin fearing the apartment's residents.","Thriller,  Horror,  Psychological,  Drama ",https://m.media-amazon.com/images/M/MV5BMDI2Mjk2YmItNjBkOS00ZmE0LWI1ZTQtZjYxMzU3MmYxOWYwXkEyXkFqcGc@._V1_.jpg
Live,"The drama revolves around the incidents that occur in the police force and the joy, sorrow, and pain that police officers experience as they try to protect justice.","Friendship,  Comedy,  Romance,  Crime ",https://m.media-amazon.com/images/M/MV5BOGMwNThkMDItYjliNi00ZThkLWEwZWItMWQzZGI4ZmUyYWY2XkEyXkFqcGc@._V1_FMjpg_UX1000_.jpg
Tunnel,"In 1986, Park Gwang Ho works as an excellent and enthusiastic detective. His life changes when he’s pursuing leads in a serial homicide case and then passes through a time portal, which transports him to present day Seoul.  He meets a new partner Kim Sun Jae, an elite detective who happens to be a bit eccentric, but is one highly skilled investigator. The detective duo will also find help in psychology professor, Shin Jae Yi.","Thriller,  Mystery,  Sci-Fi,  Fantasy ",https://i.pinimg.com/236x/65/f7/9a/65f79a9349df5cf87d3717bc2601360e.jpg
My Liberation Notes,"Set in Sanpo Village where more people leave than remain, the three Yeom siblings, Chang Hee, Mi Jung, and Ki Jung, wish to escape from a life rife with uncertainty. A mysterious man, Mr. Goo, moves into their neighbourhood. He is a drunkard with the look of someone with many burdens and secrets. His cautious personality and preference for keeping to himself make him the subject of gossip. Mi Jung, the youngest and most timid Yeom sibling, decides to approach him.","Romance, Life, Drama, Melodrama",https://image.tmdb.org/t/p/original/juw96CYtc7dNfaGpCN0CvXc2yek.jpg
Partners for Justice 2,"In crime and in life, all contact leaves a trace. There is no perfect crime and our hero and heroine have the ultimate cooperation. This drama continues the tale of a forensic scientist and a prosecutor who make the best of teams.","Mystery,  Law,  Drama,  Medical ",https://encrypted-tbn0.gstatic.com/images?q=tbn:ANd9GcTA-a1u_b3nviwW9aOlvkc2FcQhFhR_GFDHQQ&s
Jewel in the Palace,"About 500 years ago during the time of Chosun Dynasty, Korea boasted a rigidly hierarchical and male dominated social structure. Based on a true story about a legendary girl, Jang Geum, who became the first woman to be the supreme royal physician of her times. Despite her poor condition as a low class girl in the male dominated society, Jang Geum overcame a series of social discrimination and landed herself as a royal cook, later becoming the royal physician, then ultimately the physician in charge of the king. She was even given by the king the title ""The Great Jang Geum."" The story of her checkered life on her success and breakdown as well as her love story beautifully unfold.","Food,  Historical,  Romance,  Medical ",https://i.pinimg.com/736x/60/f6/55/60f655e3991024dfe957bb87ce500349.jpg
"It's Okay, That's Love","Despite being a bit of a prickly pear, Jang Jae Yeol has become famous for authoring mystery novels and for hosting a popular radio show. While sitting on a talk show panel with psychiatrist Ji Hae Soo, it became clear to all that the two just rubbed each other the wrong way. ","Psychological,  Comedy,  Romance,  Drama ",https://m.media-amazon.com/images/M/MV5BYjI1NDVjN2QtNDgzNi00MmFiLTgyN2QtYWMxMDM2YzEyNmNjXkEyXkFqcGc@._V1_FMjpg_UX1000_.jpg
Little Women,"About three sisters with a close bond who grew up in poverty. It is the exciting story of the sisters as they get embroiled in a major incident and face off against the wealthiest family in the nation. Kim Go Eun plays the eldest sister Oh In Joo, who wants to protect her family with money. Growing up in extreme poverty, her only dream was to live as well off as other normal people, but a major incident completely shakes up her life. Nam Ji Hyun takes on the role of the second sister Oh In Kyung, a news reporter who does not want to bow down to money and aims to always do what’s right. When a mysterious case from her early reporter days returns close to her, she starts digging for the truth. Park Ji Hu transforms into Oh In Hye, the youngest overwhelmed by the love of her older sisters who work hard for her. Although she has never even used decent art supplies due to their family’s financial situation, she enters an art high school with her natural talent.","Action, Thriller, Mystery, Drama",https://m.media-amazon.com/images/M/MV5BOWRkY2ZlZTYtNmFiZC00NThjLWFjZTItODZkNjIxZDA2NDU4XkEyXkFqcGc@._V1_.jpg
Ghost Doctor,"Cha Young Min is a genius doctor, with excelling skills at surgery, but he is arrogant and selfish. One day, he gets involved in an accident and due to this, his spirit possesses another doctor's body, Seung Tak. These two doctors are complete opposites, with opposite personalities and medical abilities. Young Min is arrogant and cold-blooded, only cares about his career and doesn't care about any of his patient's personal stories. Seung Tak is the luckiest and richest resident doctor whose grandfather is the founder of Myung-shin hospital and whose mother is the chairman of the hospital. Never wanting to be a good doctor, he becomes possessed by a ghost doctor.","Comedy, Medical, Fantasy, Supernatural",https://i.pinimg.com/736x/34/71/70/347170ad7c22fdefac5d1789d2d677fb.jpg
Eulachacha Waikiki,"Three very different young men – Dong Goo, the bad luck incarnate who dreams of becoming a film director, Joon Ki, an eccentric actor who performs to make a living, and Doo Shik, a freelancer writer who fiddles around doing nothing most of the time - open a guest house named “Waikiki” in Itaewon where many foreigners come to stay.  Although they have no clue how to run it, they’re eager to earn money to pay for the production of their upcoming film.","Comedy,  Life,  Youth,  Drama ",https://m.media-amazon.com/images/M/MV5BYjY3MmRhZjQtMzUxNS00ZTA3LTkwZGEtMTFmYjgwOGIwYTQ1XkEyXkFqcGc@._V1_.jpg
The Bridal Mask,"Lee Kang To is an ambitious and callous Korean officer employed by the Japanese colonists. Despite his mother's disapproval of his work and his own brother's antagonistic history with the Japanese, Kang To continues to play by the colonist's rules in hopes of becoming successful and bringing his family out of poverty. However, a mysterious figure wearing a traditional Bridal Mask always seems to get in Kang To's way. The Bridal Mask appears as a Zorro-like figure who protects the people from the Japanese colonists' oppression and abuse of power. An unexpected turn of events brings Kang To to cross paths with the mysterious Bridal Mask, changing his future and the nation's history forever. ","Action,  Historical,  Romance,  Political ",https://m.media-amazon.com/images/M/MV5BMGNiNTYyMWEtN2M5Yy00MmM3LWFlNDUtYzZlYjcwYjQ3MmZhXkEyXkFqcGc@._V1_FMjpg_UX1000_.jpg
Children of Nobody,"Cha Woo Kyung is a child counselor who works at a children’s center. Her life seems perfect since she is married to a great husband and is pregnant. However, her perfect life doesn't last long, when an accident changes her life. She then meets Kang Ji Hun, a detective who is strict toward criminals and believes they should be punished to the full extent.","Thriller,  Mystery,  Psychological,  Crime,  Drama ",https://m.media-amazon.com/images/M/MV5BOGZlMGE0YWEtZTdlOS00ZGZkLTkxNGYtZmUwMjQwNmY5YmVlXkEyXkFqcGc@._V1_.jpg
Good Manager,"Can corporate politics turn a bad person into a good person? Kim Sung Ryong is a skilled accountant who works for gangsters. He makes his way into a company called TQ Group as a middle manager in the accounting department with the intention of embezzling money from the company. As he contends with hot-shot accountant Yoon Ha Kyung, financial prodigy Seo Yul and peppy intern Hong Ga Eun, Sung Ryong finds himself embroiled in office politics and notices other shenanigans by those in power that threaten to bring down the company. Sung Ryong slowly comes to realize that he’d rather fight against corporate corruption and fight for employees’ rights than complete the mission he originally came to do. Can he succeed at his new objective against all odds?","Business,  Comedy,  Crime,  Drama ",https://i.pinimg.com/474x/7f/80/c5/7f80c5a1b3cf7589458b75d8dfeb96d8.jpg
The King of Pigs,"Two friends meet up and recall their experiences as victims of school bullying when they receive a message from a friend from 20 years ago and mysterious serial killings begin to occur. Kyung Min lives with the trauma of the school violence he experienced twenty years ago and an unexpected case causes his suppressed emotions to reappear. Meanwhile, Detective Jong Suk receives a mysterious message sent from a friend from 20 years ago which reminds him of the school violence that took place back then. Chasing the mysterious message, he tries to put a stop to the murders. Through these characters with tragic fates, the drama touches on the origin of school violence and the bullying that pervades modern society.","Thriller, Mystery, Drama",https://image.tmdb.org/t/p/original/uTPxB59709ICd1P1rKyW3NiQg2N.jpg
Big Mouth,"Park Chang Ho is known since his school days as ""Big Mouth"" because he talks big and promises big things but can not follow it up. He is also an infamous lawyer with a very low rate of success who was hired by a Mayor because of his incompetence. Unfortunately, he was framed as the notorious and mysterious swindler ""Big Mouse"" and sent to prison. Go Mi Ho is Park Chang Ho's loving wife who works as a nurse. She has strong personality and will do anything to prove the innocence of her husband and help solve the case the Mayor has given to her husband. Will Go Mi Ho be successful in proving her husband's innocence? Or, will her investigations lead to opening a can of worms?","Thriller, Mystery, Law, Drama",https://m.media-amazon.com/images/M/MV5BNWNhNWEzNjMtMDhjMi00MmZlLWIzMjAtNjA1OGRiYjIzOWUxXkEyXkFqcGc@._V1_.jpg
Go Back Couple,"38-years-old married couple, Choi Ban Do and Ma Jin Joo, were in love when they got married but now, hate each other and regret marrying at such a young age. Choi Ban Do has been burdened with being the breadwinner, and Ma Jin Joo is a housewife with low self-esteem. The couple travels through time and finds themselves as 20-year-old university students when they met for the first time.","Comedy,  Romance,  Life,  School,  Drama,  Family,  Supernatural ",https://i.pinimg.com/736x/fe/a5/4c/fea54c3112948e3953799b28390f00fd.jpg
Empress Ki,"Genghis Khan built an empire that spanned vast regions in East Asia and East Europe. And there was one woman who held immense power in the Yuan Dynasty, which Genghis Khan founded, for 37 years. She was neither of Mongol descent nor from the Han Chinese. She came from Goryeo, a small kingdom in the Far East. She was taken to Mongol against her will as a Gungnyeo (palace women) but somehow overcame her lowly status to become the last  empress in another land. Her name was Empress Ki.","Historical,  Romance,  Melodrama,  Political ",https://m.media-amazon.com/images/M/MV5BMWE2NTdkOGItNTU2Zi00YWZlLTgwMmEtMDJhNzA5MGM0Nzk3XkEyXkFqcGc@._V1_.jpg
My Father is Strange,"This drama is about a family that lives on the outskirts of Seoul. Byun Han Soo is the father and His wife, Na Yeong Shil is a dedicated, responsible mother to his three daughters and one son including Hye Yeong, Mi Yeong, Ra Yeong, and Joon Young. Suddenly one day, Ahn Joong Hee shows up at the household and declares that he is the son of the family. Joong Hee is an actor who used to be a member of an idol group. He begins to live with them.","Comedy,  Romance,  Drama,  Family ",https://i.pinimg.com/736x/4c/14/ba/4c14baad95bf0fd4ea8e6dbac1251005.jpg
Once Again,"""Once Again"" is the story of the eventful Song family who can’t get a day of peace and their neighbors in Yongju Market. ","Comedy,  Romance,  Drama,  Family ",https://m.media-amazon.com/images/M/MV5BN2ZiMjI0M2QtNDU1Mi00OTgzLTllZDAtOWI3OTM0Nzg3NDRlXkEyXkFqcGc@._V1_.jpg
Missing,"A village holds spirits of missing, deceased people. A search to find the missing bodies and discover the truth behind their disappearance occurs.","Thriller,  Mystery,  Supernatural ",https://m.media-amazon.com/images/M/MV5BZGI5NGY1MzktZGJlZC00OTAyLTkwNTMtNjUwMzNhMmU4MDMwXkEyXkFqcGc@._V1_FMjpg_UX1000_.jpg
Stranger 2,"The prosecutor's office and the police find themselves on opposing sides. The prosecutors, including elite prosecutor Woo Tae Ha, want discretionary power over investigations. Meanwhile, the police, including Choi Bit, tries to get complete investigative authority that is independent of the prosecutor's office.","Thriller,  Mystery,  Law,  Drama ",https://i.mydramalist.com/E5vbjl_4f.jpg
Designated Survivor,"Park Moo Jin is a former professor of chemistry and now holds the Minister of Environment position. He doesn't have ambition, personal beliefs or political sense. One day, the cabinet is gathered in the National Assembly for the president's address. A terror attack takes place, killing many government officials, including the president and ministers. Park Moo Jin is the highest ranking government official left alive. He doesn't want the position, but he must sit as the acting president for 60 days. Park Moo Jin chases after the person or group responsible for the attack as he grows as a national leader.","Thriller,  Mystery,  Drama,  Political ",https://i.pinimg.com/736x/2e/9a/26/2e9a26c1f87cb85e86b6c4cf968952d2.jpg
Cruel City,Portrays the cruel life of the drug cartels and the story of revenge for a loved one.,"Action,  Thriller,  Romance,  Crime ",https://x8r7c6g3.delivery.rocketcdn.me/wp-content/uploads/2016/04/heartless-city-001.jpg
Mystic Pop-Up Bar,“Mystic Pop-Up Bar” is based on a popular webtoon of the same name and tells the story of a mysterious pojangmacha (outdoor drinking establishment) run by a prickly woman and an innocent part-timer who visit customers in their dreams to help resolve their problems.,"Mystery,  Comedy,  Family,  Fantasy ",https://upload.wikimedia.org/wikipedia/en/1/1c/Mystic_Pop-up_Bar.jpg
Age of Youth,"Five girls in their twenties come to live together in a house called ""Belle Epoque,"" which means ""a beautiful time"" in French. Each girl has a particular personality, background, and issues. In addition to the five girls, they believe there is a sixth presence - a ghost living in the house, but each sees the ghost differently. As the girls feel a bond of sympathy and become closer, they also deal with their personal issues as they live out their eventful twenties. The drama follows their struggles and incidents dealing with relationships - within their circles, with dating, and with each other - and a variety of events they are experiencing including credits, part-time jobs, drinking, hopes and dreams.","Friendship,  Romance,  Life,  Youth ",https://encrypted-tbn0.gstatic.com/images?q=tbn:ANd9GcSThoy5yCsOj35ZfNvqQZjvOSLPin4QzI9eaw&s
Save Me,"Following the failure of her father's business, Sang Mi and her family move to Muji-gun where they have no friends or relatives. There she meets four young men, Han Sang Hwan, Seok Dong Cheol, Woo Jung Hoon, and Choi Man Hee. When Sang Mi and her family face some trouble, Spiritual Father Baek Jung Ki of Goosunwon offers to help them. However, her family is slowly getting sucked into the pseudo-religious cult and the four young men try to save her.","Action,  Thriller,  Mystery,  Drama ",https://image.tmdb.org/t/p/original/bYfNZGP3JfVnATc2Of0f6tR7h4i.jpg
Bad and Crazy,"Soo Yeol, the competent ‘bad boy’ on the police squad, regains his humanity after meeting K, the righteous but ‘crazy’ guy. Despite having a mere high school diploma, Soo Yeol is an accomplished member of the Anti Corruption Unit. He’s ambitious, so he chooses pet cases of his superiors and produces their desired outcomes. Often that means turning a blind eye to injustice, especially if it stands in the way of those preferred results. With promotion time looming and without anyone’s backing, Soo Yeol fears exclusion once again. Congressman Do Yoo Gon had given him some hope of advancement but dashed when the righteous but crazy K entered his life. What can go wrong when the bad boy and the crazy guy join forces?","Action, Thriller, Mystery, Comedy",https://image.tmdb.org/t/p/original/t9CRsIT1sGZY3bEpkWPZjMb4EWy.jpg
Avengers Social Club,"Features three women from different walks of life coming together for revenge: a middle-aged fish store owner who envisioned a better life for herself, a housewife, and an heiress who was raised like a delicate greenhouse flower. They’re an unlikely trio who would never otherwise meet, but they join forces to carry out their individual revenge. Although they start out as co-conspirators, along the way they’ll build a strong friendship.","Friendship,  Comedy,  Life,  Drama ",https://m.media-amazon.com/images/M/MV5BZWQyMWU3MDMtMzhmMi00ZTZjLTk5NjAtN2VmOGFiNzJiMmEyXkEyXkFqcGc@._V1_.jpg
Beautiful World,"To combat rising violent crimes, the Police Chief asks Detective Oh Goo Tak to form a team consisting of criminals. ","Action,  Thriller,  Psychological,  Crime ",https://m.media-amazon.com/images/M/MV5BODYwM2RjYzgtYzYyZC00MmY4LTkxZTgtYzFlNGM0YzA0YzhmXkEyXkFqcGc@._V1_.jpg
Arthdal Chronicles Part 1,"This drama is about a boy on the edge of life and death, and his family's quest to find the truth.  Amidst the lies and secrets, mistrust and pain, the family looks for hope in this crazy world.  Mu Jin, is a teacher and a father. His wife, In Ha, runs 'Ho Ho Bakery' and they have a 9th-grade son and an 8th-grade daughter.  For the sake of their kids' education, they move to a different neighborhood. One day, at their new competitive school, Sun Ho gets into an accident, causing him to become brain dead.  The father and mother, filled with great guilt and rage because of the accident, investigate to find out what happened to cause the accident.  Su Ho, Sun Ho's baby sister, also sets out on her own to find out the truth behind her brother's accident.","Life,  School,  Family,  Melodrama ",https://m.media-amazon.com/images/M/MV5BZWIwYWQ5OWQtNGU3Ni00OTA2LWI1Y2EtOTg3MzM3ZjU3YzhiXkEyXkFqcGc@._V1_.jpg
One Ordinary Day,"Cha Dal Gun becomes an awakened tiger in the face of his nephew’s death in a mysterious plane crash. As an orphan himself, he had raised his nephew singlehandedly in place of his brother who had passed on. Triggered by the large-scale cover-up of the incident, he sets off on a journey to discover the truth. ","Action,  Thriller,  Mystery,  Crime ",https://m.media-amazon.com/images/M/MV5BNzlkYzllNDEtZGIyYS00YmRjLWE5MmItZDk4MGM0MjMxYzY4XkEyXkFqcGc@._V1_.jpg
Reply 1997,"A drama that explores the criminal justice system from an extremely popular perspective through the fierce story of two men surrounding the murder of a woman. Hyun Soo, an ordinary college student, suddenly becomes the primary suspect in a murder case. Shin Joong Han is the only lawyer willing to help Kim Hyun Soo. Having just barely passed law school, Shin Joong Han's involvement in Kim Hyun Soo's case eventually takes his unremarkable life to new heights.","Thriller, Mystery, Law, Crime",https://m.media-amazon.com/images/M/MV5BNWRhYmEyNmYtOTE5My00ZWFmLTk3YTEtMmFhNmU3ZjU1MDBlXkEyXkFqcGc@._V1_FMjpg_UX1000_.jpg
Doctor John,"Set in the 1990's, the drama centers around a female high school student Shi Won, who idolizes boyband H.O.T and her 5 high school friends in Busan. As the timeline moves back and forth between their past as 18-year-old high schoolers in 1997 and their present as 33-year-olds at their high school reunion dinner in 2012, where one couple will announce that they're getting married.","Comedy,  Romance,  Life,  Family ",https://i.pinimg.com/736x/16/4e/f2/164ef259ac3f72c2a7f87dc9d0f11117.jpg
When the Camellia Blooms,"Woo Seo Ri, a violin prodigy at 17 who was about to study in Germany, got into a bus accident and fell into a coma waking up 13 years later. Mentally she is still only 17, while physically she is now 30. Due to a trauma he experienced 13 years before, Gong Woo Jin does not want to have a relationship with others. This series is about a man and a woman whose lives in their own ways essentially stopped when they were 17. Together, they use all their might to try and open the door to the happiness that they once thought had been closed to them.","Thriller,  Comedy,  Romance,  Drama,  Family ",https://image.tmdb.org/t/p/original/9AUMDkXjChj5COFUbXXM9IKljXu.jpg
Extracurricular,A high school becomes ground zero for a zombie virus outbreak. Trapped students must fight their way out — or turn into one of the rabid infected.,"Psychological, Crime, Youth, Drama",https://i.pinimg.com/474x/43/a9/8a/43a98a86fbd5d217ad9d639b29db1350.jpg
Doctor Prisoner,"The idealistic Choi In Ha has her work cut out for her when she becomes a broadcast reporter, especially when she suffers from a condition known as “Pinocchio syndrome,” which makes her break out into hiccups whenever she tells a lie. Her rookie colleagues include Choi Dal Po, whose shabby appearance masks his true eloquence and sharp memory; Seo Bum Jo, a wealthy heir who has had everything handed to him in life; and Yoon Yoo Rae, whose fangirl knowledge comes in handy in covering the news. The 20-something newbie reporters pursue justice as they try to discover themselves in the process.","Thriller, Law, Crime, Medical",https://m.media-amazon.com/images/M/MV5BODIxMGYzMjAtOTYxZS00ZDc5LWIyYWYtMWM1ZDVlMmEyYTkzXkEyXkFqcGc@._V1_FMjpg_UX1000_.jpg
Psychopath Diary,"Jeon Nok Du lives on an island with his father and older brother. He is smart and a good swordsman. Since he was little, his father did not let him study or go to the mainland. One day, his father and older brother are attacked by a group of female assassins. Jeon Nok Du chases after one of the assassins to the capital. During that time, Jeon Nok Du meets Dong Dong Ju. She wants to shoot the King with her arrow, but Jeon Nok Du saves her from trouble. Meanwhile, the assassin that Jeon Nok Du chases goes into a widowed village. To find out who and why his family was attacked, Jeon Nok Du disguises himself as a woman and enters the widow's village. There, he meets Dong Dong Ju again. She is an apprentice to become a gisaeng.","Thriller, Mystery, Comedy, Crime",https://m.media-amazon.com/images/M/MV5BYTA4YjFkNDUtODBmMy00MjcxLTg5NzUtYTMzNDNjZTJhOTQ5XkEyXkFqcGc@._V1_.jpg
City Hunter,"Two people have been friends for two decades, but a mere two weeks of living together blurs that fine line between love and friendship. Han Sun Woo is a handsome rookie photographer with a warm personality, while Seo Eun Soo is a lively, straightforward, and honest person who openly expresses her feelings. Three years ago, she seized a chance opportunity to become a lyricist. Nowadays details of their relatable romance are subtly interwoven into her musical compositions.","Action, Thriller, Crime",https://i.pinimg.com/474x/22/3b/38/223b38f759eaa1b29656411aaba00529.jpg
